neuron_id,subject_id,session_id,area,spike_count
0,p6WV,p6WV_CelebA_Sess1,LAH,383
1,p6WV,p6WV_CelebA_Sess1,LAH,100
2,p6WV,p6WV_CelebA_Sess1,LAH,7732
3,p6WV,p6WV_CelebA_Sess1,LAH,231
4,p6WV,p6WV_CelebA_Sess1,LAH,2461
5,p6WV,p6WV_CelebA_Sess1,LAH,4098
6,p6WV,p6WV_CelebA_Sess1,LAH,1135
7,p6WV,p6WV_CelebA_Sess1,LAH,3665
8,p6WV,p6WV_CelebA_Sess1,LAH,1272
9,p6WV,p6WV_CelebA_Sess1,LAH,6451
10,p6WV,p6WV_CelebA_Sess1,LAH,1443
11,p6WV,p6WV_CelebA_Sess1,LAH,77
12,p6WV,p6WV_CelebA_Sess1,LAH,813
13,p6WV,p6WV_CelebA_Sess1,LAH,805
14,p6WV,p6WV_CelebA_Sess1,LAH,169
15,p6WV,p6WV_CelebA_Sess1,LAH,221
16,p6WV,p6WV_CelebA_Sess1,LAH,1493
17,p6WV,p6WV_CelebA_Sess1,LAH,747
18,p6WV,p6WV_CelebA_Sess1,LAH,181
19,p6WV,p6WV_CelebA_Sess1,LAH,1746
20,p6WV,p6WV_CelebA_Sess1,LAH,1524
21,p6WV,p6WV_CelebA_Sess1,LAH,4203
22,p6WV,p6WV_CelebA_Sess1,LAH,6733
23,p6WV,p6WV_CelebA_Sess1,LPH,216
24,p6WV,p6WV_CelebA_Sess1,LPH,4444
25,p6WV,p6WV_CelebA_Sess1,LPH,284
26,p6WV,p6WV_CelebA_Sess1,LPH,1114
27,p6WV,p6WV_CelebA_Sess1,LPH,12069
28,p6WV,p6WV_CelebA_Sess1,LPH,2435
29,p6WV,p6WV_CelebA_Sess1,LPH,55
30,p6WV,p6WV_CelebA_Sess1,LPH,87
31,p6WV,p6WV_CelebA_Sess1,LPH,119
32,p6WV,p6WV_CelebA_Sess1,LPH,20433
33,p6WV,p6WV_CelebA_Sess1,LPH,423
34,p6WV,p6WV_CelebA_Sess1,LA,659
35,p6WV,p6WV_CelebA_Sess1,LA,152
36,p6WV,p6WV_CelebA_Sess1,LA,645
37,p6WV,p6WV_CelebA_Sess1,LA,728
38,p6WV,p6WV_CelebA_Sess1,LA,6217
39,p6WV,p6WV_CelebA_Sess1,LA,3173
40,p6WV,p6WV_CelebA_Sess1,LA,2842
41,p6WV,p6WV_CelebA_Sess1,LA,2133
42,p6WV,p6WV_CelebA_Sess1,LA,757
43,p6WV,p6WV_CelebA_Sess1,LA,4963
44,p6WV,p6WV_CelebA_Sess1,LAH,886
45,p6WV,p6WV_CelebA_Sess1,LAH,2231
46,p6WV,p6WV_CelebA_Sess1,LAH,659
47,p6WV,p6WV_CelebA_Sess1,LAH,288
48,p6WV,p6WV_CelebA_Sess1,LAH,314
49,p6WV,p6WV_CelebA_Sess1,LAH,3477
50,p6WV,p6WV_CelebA_Sess1,LAH,3310
51,p6WV,p6WV_CelebA_Sess1,LAH,418
52,p6WV,p6WV_CelebA_Sess2,LAH,121
53,p6WV,p6WV_CelebA_Sess2,LAH,6221
54,p6WV,p6WV_CelebA_Sess2,LAH,2457
55,p6WV,p6WV_CelebA_Sess2,LAH,700
56,p6WV,p6WV_CelebA_Sess2,LAH,206
57,p6WV,p6WV_CelebA_Sess2,LAH,253
58,p6WV,p6WV_CelebA_Sess2,LAH,444
59,p6WV,p6WV_CelebA_Sess2,LAH,2719
60,p6WV,p6WV_CelebA_Sess2,LAH,249
61,p6WV,p6WV_CelebA_Sess2,LAH,644
62,p6WV,p6WV_CelebA_Sess2,LAH,10320
63,p6WV,p6WV_CelebA_Sess2,LPH,58
64,p6WV,p6WV_CelebA_Sess2,LPH,75
65,p6WV,p6WV_CelebA_Sess2,LPH,361
66,p6WV,p6WV_CelebA_Sess2,LPH,1502
67,p6WV,p6WV_CelebA_Sess2,LPH,437
68,p6WV,p6WV_CelebA_Sess2,LPH,328
69,p6WV,p6WV_CelebA_Sess2,LPH,814
70,p6WV,p6WV_CelebA_Sess2,LPH,441
71,p6WV,p6WV_CelebA_Sess2,LPH,5908
72,p6WV,p6WV_CelebA_Sess2,LPH,908
73,p6WV,p6WV_CelebA_Sess2,LPH,1563
74,p6WV,p6WV_CelebA_Sess2,LPH,300
75,p6WV,p6WV_CelebA_Sess2,LPH,1851
76,p6WV,p6WV_CelebA_Sess2,LPH,5293
77,p6WV,p6WV_CelebA_Sess2,LPH,1586
78,p6WV,p6WV_CelebA_Sess2,LPH,392
79,p6WV,p6WV_CelebA_Sess2,LPH,1425
80,p6WV,p6WV_CelebA_Sess2,LA,830
81,p6WV,p6WV_CelebA_Sess2,LA,461
82,p6WV,p6WV_CelebA_Sess2,LA,7294
83,p6WV,p6WV_CelebA_Sess2,LA,1265
84,p6WV,p6WV_CelebA_Sess2,LA,1672
85,p6WV,p6WV_CelebA_Sess2,LA,5354
86,p6WV,p6WV_CelebA_Sess2,LA,205
87,p6WV,p6WV_CelebA_Sess2,LA,1464
88,p6WV,p6WV_CelebA_Sess2,LA,4407
89,p6WV,p6WV_CelebA_Sess2,LA,675
90,p6WV,p6WV_CelebA_Sess2,LAH,116
91,p6WV,p6WV_CelebA_Sess2,LAH,1130
92,p6WV,p6WV_CelebA_Sess2,LAH,822
93,p6WV,p6WV_CelebA_Sess2,LAH,384
94,p6WV,p6WV_CelebA_Sess2,LAH,3836
95,p7WV,p7WV_CelebA_Sess1,LAH,1208
96,p7WV,p7WV_CelebA_Sess1,LAH,258
97,p7WV,p7WV_CelebA_Sess1,LAH,323
98,p7WV,p7WV_CelebA_Sess1,LAH,17931
99,p7WV,p7WV_CelebA_Sess1,LAH,1595
100,p7WV,p7WV_CelebA_Sess1,LAH,1306
101,p7WV,p7WV_CelebA_Sess1,LAH,875
102,p7WV,p7WV_CelebA_Sess1,LAH,25243
103,p7WV,p7WV_CelebA_Sess1,LAH,711
104,p7WV,p7WV_CelebA_Sess1,LAH,371
105,p7WV,p7WV_CelebA_Sess1,LAH,390
106,p7WV,p7WV_CelebA_Sess1,LAH,5921
107,p7WV,p7WV_CelebA_Sess1,LAH,6062
108,p7WV,p7WV_CelebA_Sess1,LAH,121
109,p7WV,p7WV_CelebA_Sess1,LAH,1154
110,p7WV,p7WV_CelebA_Sess1,LAH,3723
111,p7WV,p7WV_CelebA_Sess1,LAH,12917
112,p7WV,p7WV_CelebA_Sess1,LAH,5194
113,p7WV,p7WV_CelebA_Sess1,LAH,1459
114,p7WV,p7WV_CelebA_Sess1,LAH,532
115,p7WV,p7WV_CelebA_Sess1,LAH,2038
116,p7WV,p7WV_CelebA_Sess1,LAH,23931
117,p7WV,p7WV_CelebA_Sess1,LAH,600
118,p7WV,p7WV_CelebA_Sess1,LAH,1534
119,p7WV,p7WV_CelebA_Sess1,LAH,242
120,p7WV,p7WV_CelebA_Sess1,LAH,14599
121,p7WV,p7WV_CelebA_Sess1,LAH,1125
122,p7WV,p7WV_CelebA_Sess1,LAH,1618
123,p7WV,p7WV_CelebA_Sess1,LAH,253
124,p7WV,p7WV_CelebA_Sess1,LPH,95
125,p7WV,p7WV_CelebA_Sess1,LPH,958
126,p7WV,p7WV_CelebA_Sess1,LA,4775
127,p7WV,p7WV_CelebA_Sess1,LA,317
128,p7WV,p7WV_CelebA_Sess1,LA,70
129,p7WV,p7WV_CelebA_Sess1,LA,353
130,p7WV,p7WV_CelebA_Sess1,LA,4299
131,p7WV,p7WV_CelebA_Sess1,LA,672
132,p7WV,p7WV_CelebA_Sess1,LA,697
133,p7WV,p7WV_CelebA_Sess1,LA,3462
134,p7WV,p7WV_CelebA_Sess1,LA,568
135,p7WV,p7WV_CelebA_Sess1,LA,144
136,p7WV,p7WV_CelebA_Sess1,LA,212
137,p7WV,p7WV_CelebA_Sess1,LA,144
138,p7WV,p7WV_CelebA_Sess1,LA,162
139,p7WV,p7WV_CelebA_Sess1,LAH,296
140,p7WV,p7WV_CelebA_Sess1,LAH,603
141,p7WV,p7WV_CelebA_Sess1,LAH,9955
142,p7WV,p7WV_CelebA_Sess1,LAH,2383
143,p7WV,p7WV_CelebA_Sess1,LAH,1666
144,p7WV,p7WV_CelebA_Sess2,LAH,1063
145,p7WV,p7WV_CelebA_Sess2,LAH,449
146,p7WV,p7WV_CelebA_Sess2,LAH,6773
147,p7WV,p7WV_CelebA_Sess2,LAH,10140
148,p7WV,p7WV_CelebA_Sess2,LAH,1669
149,p7WV,p7WV_CelebA_Sess2,LAH,2528
150,p7WV,p7WV_CelebA_Sess2,LAH,866
151,p7WV,p7WV_CelebA_Sess2,LAH,854
152,p7WV,p7WV_CelebA_Sess2,LAH,4777
153,p7WV,p7WV_CelebA_Sess2,LAH,10529
154,p7WV,p7WV_CelebA_Sess2,LAH,14745
155,p7WV,p7WV_CelebA_Sess2,LAH,495
156,p7WV,p7WV_CelebA_Sess2,LAH,127
157,p7WV,p7WV_CelebA_Sess2,LAH,73
158,p7WV,p7WV_CelebA_Sess2,LAH,434
159,p7WV,p7WV_CelebA_Sess2,LAH,18904
160,p7WV,p7WV_CelebA_Sess2,LAH,5298
161,p7WV,p7WV_CelebA_Sess2,LAH,1297
162,p7WV,p7WV_CelebA_Sess2,RHR,8449
163,p7WV,p7WV_CelebA_Sess2,RHR,16112
164,p7WV,p7WV_CelebA_Sess2,LA,245
165,p7WV,p7WV_CelebA_Sess2,LA,1122
166,p7WV,p7WV_CelebA_Sess2,LA,1442
167,p7WV,p7WV_CelebA_Sess2,LA,5539
168,p7WV,p7WV_CelebA_Sess2,LA,655
169,p7WV,p7WV_CelebA_Sess2,LA,326
170,p7WV,p7WV_CelebA_Sess2,LA,79
171,p7WV,p7WV_CelebA_Sess2,LAH,932
172,p7WV,p7WV_CelebA_Sess2,LAH,2418
173,p7WV,p7WV_CelebA_Sess2,LAH,1451
174,p7WV,p7WV_CelebA_Sess3,LAH,18956
175,p7WV,p7WV_CelebA_Sess3,LAH,78
176,p7WV,p7WV_CelebA_Sess3,LAH,7472
177,p7WV,p7WV_CelebA_Sess3,LAH,4348
178,p7WV,p7WV_CelebA_Sess3,LAH,409
179,p7WV,p7WV_CelebA_Sess3,LAH,935
180,p7WV,p7WV_CelebA_Sess3,LAH,335
181,p7WV,p7WV_CelebA_Sess3,LAH,1157
182,p7WV,p7WV_CelebA_Sess3,LAH,3142
183,p7WV,p7WV_CelebA_Sess3,LAH,1863
184,p7WV,p7WV_CelebA_Sess3,LAH,19658
185,p7WV,p7WV_CelebA_Sess3,LAH,11757
186,p7WV,p7WV_CelebA_Sess3,LAH,16416
187,p7WV,p7WV_CelebA_Sess3,LAH,283
188,p7WV,p7WV_CelebA_Sess3,LAH,703
189,p7WV,p7WV_CelebA_Sess3,LAH,653
190,p7WV,p7WV_CelebA_Sess3,LAH,10824
191,p7WV,p7WV_CelebA_Sess3,LAH,1658
192,p7WV,p7WV_CelebA_Sess3,LA,187
193,p7WV,p7WV_CelebA_Sess3,LA,82
194,p7WV,p7WV_CelebA_Sess3,LA,3483
195,p7WV,p7WV_CelebA_Sess3,RHR,6333
196,p7WV,p7WV_CelebA_Sess3,LA,547
197,p7WV,p7WV_CelebA_Sess3,LA,988
198,p7WV,p7WV_CelebA_Sess3,LA,242
199,p7WV,p7WV_CelebA_Sess3,LA,211
200,p7WV,p7WV_CelebA_Sess3,LAH,715
201,p7WV,p7WV_CelebA_Sess3,LAH,3285
202,p7WV,p7WV_CelebA_Sess4,LAH,137
203,p7WV,p7WV_CelebA_Sess4,LAH,590
204,p7WV,p7WV_CelebA_Sess4,LAH,547
205,p7WV,p7WV_CelebA_Sess4,LAH,973
206,p7WV,p7WV_CelebA_Sess4,LAH,2036
207,p7WV,p7WV_CelebA_Sess4,LAH,15146
208,p7WV,p7WV_CelebA_Sess4,LAH,6116
209,p7WV,p7WV_CelebA_Sess4,LAH,3916
210,p7WV,p7WV_CelebA_Sess4,LAH,119
211,p7WV,p7WV_CelebA_Sess4,LAH,715
212,p7WV,p7WV_CelebA_Sess4,LAH,12669
213,p7WV,p7WV_CelebA_Sess4,LAH,79
214,p7WV,p7WV_CelebA_Sess4,LAH,105
215,p7WV,p7WV_CelebA_Sess4,LAH,1990
216,p7WV,p7WV_CelebA_Sess4,LAH,425
217,p7WV,p7WV_CelebA_Sess4,LAH,76
218,p7WV,p7WV_CelebA_Sess4,LAH,1301
219,p7WV,p7WV_CelebA_Sess4,LAH,4161
220,p7WV,p7WV_CelebA_Sess4,LAH,2229
221,p7WV,p7WV_CelebA_Sess4,LAH,8354
222,p7WV,p7WV_CelebA_Sess4,LAH,68
223,p7WV,p7WV_CelebA_Sess4,LAH,86
224,p7WV,p7WV_CelebA_Sess4,LAH,2400
225,p7WV,p7WV_CelebA_Sess4,LAH,2908
226,p7WV,p7WV_CelebA_Sess4,LAH,402
227,p7WV,p7WV_CelebA_Sess4,LAH,14222
228,p7WV,p7WV_CelebA_Sess4,LAH,137
229,p7WV,p7WV_CelebA_Sess4,LAH,485
230,p7WV,p7WV_CelebA_Sess4,LAH,4718
231,p7WV,p7WV_CelebA_Sess4,LAH,678
232,p7WV,p7WV_CelebA_Sess4,RHR,3476
233,p7WV,p7WV_CelebA_Sess4,RHR,2235
234,p7WV,p7WV_CelebA_Sess4,RHR,168
235,p7WV,p7WV_CelebA_Sess4,RHR,4615
236,p7WV,p7WV_CelebA_Sess4,RHR,4174
237,p7WV,p7WV_CelebA_Sess4,LA,823
238,p7WV,p7WV_CelebA_Sess4,LA,1202
239,p7WV,p7WV_CelebA_Sess4,LAH,783
240,p7WV,p7WV_CelebA_Sess4,LAH,406
241,p7WV,p7WV_CelebA_Sess4,LAH,4867
242,p7WV,p7WV_CelebA_Sess4,LAH,434
243,p9WV,p9WV_CelebA_Sess1,LAH,270
244,p9WV,p9WV_CelebA_Sess1,LAH,1414
245,p9WV,p9WV_CelebA_Sess1,LPH,345
246,p9WV,p9WV_CelebA_Sess1,LPH,1790
247,p9WV,p9WV_CelebA_Sess1,LPH,2374
248,p9WV,p9WV_CelebA_Sess1,LPH,17321
249,p9WV,p9WV_CelebA_Sess1,LPH,697
250,p9WV,p9WV_CelebA_Sess1,LA,10296
251,p9WV,p9WV_CelebA_Sess1,LA,2356
252,p9WV,p9WV_CelebA_Sess1,LA,91
253,p9WV,p9WV_CelebA_Sess1,LA,1189
254,p9WV,p9WV_CelebA_Sess1,LA,2425
255,p9WV,p9WV_CelebA_Sess1,LA,4758
256,p9WV,p9WV_CelebA_Sess1,LA,3170
257,p9WV,p9WV_CelebA_Sess1,LA,156
258,p9WV,p9WV_CelebA_Sess1,LA,1150
259,p9WV,p9WV_CelebA_Sess1,LA,657
260,p9WV,p9WV_CelebA_Sess1,LA,133
261,p9WV,p9WV_CelebA_Sess1,LA,4106
262,p9WV,p9WV_CelebA_Sess1,LA,75
263,p9WV,p9WV_CelebA_Sess1,LA,242
264,p9WV,p9WV_CelebA_Sess1,LA,850
265,p9WV,p9WV_CelebA_Sess1,LA,6561
266,p9WV,p9WV_CelebA_Sess1,LA,704
267,p9WV,p9WV_CelebA_Sess1,LA,297
268,p9WV,p9WV_CelebA_Sess1,LA,7388
269,p9WV,p9WV_CelebA_Sess1,LA,558
270,p9WV,p9WV_CelebA_Sess1,LA,1123
271,p9WV,p9WV_CelebA_Sess1,LA,1398
272,p9WV,p9WV_CelebA_Sess1,LA,12091
273,p9WV,p9WV_CelebA_Sess1,LA,396
274,p9WV,p9WV_CelebA_Sess1,LA,543
275,p9WV,p9WV_CelebA_Sess1,LA,1383
276,p9WV,p9WV_CelebA_Sess1,LA,349
277,p9WV,p9WV_CelebA_Sess1,LA,177
278,p9WV,p9WV_CelebA_Sess1,LA,10136
279,p9WV,p9WV_CelebA_Sess1,LA,3632
280,p9WV,p9WV_CelebA_Sess1,LA,304
281,p9WV,p9WV_CelebA_Sess2,LAH,1844
282,p9WV,p9WV_CelebA_Sess2,LAH,1727
283,p9WV,p9WV_CelebA_Sess2,LPH,193
284,p9WV,p9WV_CelebA_Sess2,LPH,803
285,p9WV,p9WV_CelebA_Sess2,LPH,797
286,p9WV,p9WV_CelebA_Sess2,LPH,10864
287,p9WV,p9WV_CelebA_Sess2,LPH,942
288,p9WV,p9WV_CelebA_Sess2,LPH,13449
289,p9WV,p9WV_CelebA_Sess2,LA,1273
290,p9WV,p9WV_CelebA_Sess2,LA,10448
291,p9WV,p9WV_CelebA_Sess2,LA,11943
292,p9WV,p9WV_CelebA_Sess2,LA,3308
293,p9WV,p9WV_CelebA_Sess2,LA,1557
294,p9WV,p9WV_CelebA_Sess2,LA,8724
295,p9WV,p9WV_CelebA_Sess2,LA,849
296,p9WV,p9WV_CelebA_Sess2,LA,231
297,p9WV,p9WV_CelebA_Sess2,LA,2022
298,p9WV,p9WV_CelebA_Sess2,LA,846
299,p9WV,p9WV_CelebA_Sess2,LA,337
300,p9WV,p9WV_CelebA_Sess2,LA,5107
301,p9WV,p9WV_CelebA_Sess2,LA,11423
302,p9WV,p9WV_CelebA_Sess2,LA,4921
303,p9WV,p9WV_CelebA_Sess2,LA,182
304,p9WV,p9WV_CelebA_Sess2,LA,868
305,p9WV,p9WV_CelebA_Sess2,LA,1962
306,p9WV,p9WV_CelebA_Sess2,LA,8274
307,p9WV,p9WV_CelebA_Sess2,LA,366
308,p9WV,p9WV_CelebA_Sess2,LA,1081
309,p9WV,p9WV_CelebA_Sess2,LA,208
310,p9WV,p9WV_CelebA_Sess2,LA,2930
311,p9WV,p9WV_CelebA_Sess2,LA,2969
312,p9WV,p9WV_CelebA_Sess2,LA,15315
313,p9WV,p9WV_CelebA_Sess2,LA,123
314,p9WV,p9WV_CelebA_Sess2,LA,295
315,p9WV,p9WV_CelebA_Sess2,LA,2347
316,p9WV,p9WV_CelebA_Sess2,LA,880
317,p9WV,p9WV_CelebA_Sess2,LA,1451
318,p9WV,p9WV_CelebA_Sess2,LA,186
319,p9WV,p9WV_CelebA_Sess2,LA,741
320,p9WV,p9WV_CelebA_Sess2,LA,16144
321,p9WV,p9WV_CelebA_Sess3,LAH,2050
322,p9WV,p9WV_CelebA_Sess3,LPH,1052
323,p9WV,p9WV_CelebA_Sess3,LA,1276
324,p9WV,p9WV_CelebA_Sess3,LA,634
325,p9WV,p9WV_CelebA_Sess3,LPH,193
326,p9WV,p9WV_CelebA_Sess3,LPH,5939
327,p9WV,p9WV_CelebA_Sess3,LPH,3153
328,p9WV,p9WV_CelebA_Sess3,LPH,23628
329,p9WV,p9WV_CelebA_Sess3,LA,1400
330,p9WV,p9WV_CelebA_Sess3,LA,224
331,p9WV,p9WV_CelebA_Sess3,LA,1286
332,p9WV,p9WV_CelebA_Sess3,LA,312
333,p9WV,p9WV_CelebA_Sess3,LA,230
334,p9WV,p9WV_CelebA_Sess3,LA,1680
335,p9WV,p9WV_CelebA_Sess3,LA,6184
336,p9WV,p9WV_CelebA_Sess3,LA,1615
337,p9WV,p9WV_CelebA_Sess3,LA,539
338,p9WV,p9WV_CelebA_Sess3,LA,2842
339,p9WV,p9WV_CelebA_Sess3,LA,1635
340,p9WV,p9WV_CelebA_Sess3,LA,814
341,p9WV,p9WV_CelebA_Sess3,LA,7039
342,p9WV,p9WV_CelebA_Sess3,LA,1286
343,p9WV,p9WV_CelebA_Sess3,LA,1017
344,p9WV,p9WV_CelebA_Sess3,LA,5856
345,p9WV,p9WV_CelebA_Sess3,LA,1211
346,p9WV,p9WV_CelebA_Sess3,LA,807
347,p9WV,p9WV_CelebA_Sess3,LA,254
348,p9WV,p9WV_CelebA_Sess3,LA,196
349,p9WV,p9WV_CelebA_Sess3,LA,572
350,p9WV,p9WV_CelebA_Sess3,LA,133
351,p9WV,p9WV_CelebA_Sess3,LA,6751
352,p9WV,p9WV_CelebA_Sess3,LA,480
353,p9WV,p9WV_CelebA_Sess4,LPH,467
354,p9WV,p9WV_CelebA_Sess4,LPH,688
355,p9WV,p9WV_CelebA_Sess4,LA,349
356,p9WV,p9WV_CelebA_Sess4,LA,6408
357,p9WV,p9WV_CelebA_Sess4,LA,415
358,p9WV,p9WV_CelebA_Sess4,LPH,12907
359,p9WV,p9WV_CelebA_Sess4,LA,115
360,p9WV,p9WV_CelebA_Sess4,LA,216
361,p9WV,p9WV_CelebA_Sess4,LA,152
362,p9WV,p9WV_CelebA_Sess4,LA,3250
363,p9WV,p9WV_CelebA_Sess4,LA,3137
364,p9WV,p9WV_CelebA_Sess4,LA,903
365,p9WV,p9WV_CelebA_Sess4,LA,1372
366,p9WV,p9WV_CelebA_Sess4,LA,1402
367,p9WV,p9WV_CelebA_Sess4,LA,842
368,p9WV,p9WV_CelebA_Sess4,LA,184
369,p9WV,p9WV_CelebA_Sess4,LA,582
370,p9WV,p9WV_CelebA_Sess4,LA,2515
371,p9WV,p9WV_CelebA_Sess4,LA,2739
372,p9WV,p9WV_CelebA_Sess4,LA,279
373,p9WV,p9WV_CelebA_Sess4,LA,1123
374,p9WV,p9WV_CelebA_Sess4,LA,1344
375,p9WV,p9WV_CelebA_Sess4,LA,65
376,p9WV,p9WV_CelebA_Sess4,LA,370
377,p9WV,p9WV_CelebA_Sess4,LA,1000
378,p9WV,p9WV_CelebA_Sess4,LA,11264
379,p9WV,p9WV_CelebA_Sess4,LA,3458
380,p9WV,p9WV_CelebA_Sess4,LA,354
381,p10WV,p10WV_CelebA_S2_FBI_S2,LAH,7775
382,p10WV,p10WV_CelebA_S2_FBI_S2,LAH,4310
383,p10WV,p10WV_CelebA_S2_FBI_S2,LAH,272
384,p10WV,p10WV_CelebA_S2_FBI_S2,LAH,1063
385,p10WV,p10WV_CelebA_S2_FBI_S2,LAH,2009
386,p10WV,p10WV_CelebA_S2_FBI_S2,LAH,701
387,p10WV,p10WV_CelebA_S2_FBI_S2,LAH,1627
388,p10WV,p10WV_CelebA_S2_FBI_S2,RA,1947
389,p10WV,p10WV_CelebA_S2_FBI_S2,RA,2074
390,p10WV,p10WV_CelebA_S2_FBI_S2,RA,4909
391,p10WV,p10WV_CelebA_S2_FBI_S2,RA,332
392,p10WV,p10WV_CelebA_S2_FBI_S2,RA,569
393,p10WV,p10WV_CelebA_S2_FBI_S2,RA,6821
394,p10WV,p10WV_CelebA_S2_FBI_S2,RA,571
395,p10WV,p10WV_CelebA_S2_FBI_S2,RA,590
396,p10WV,p10WV_CelebA_S2_FBI_S2,RA,568
397,p10WV,p10WV_CelebA_S2_FBI_S2,RA,1193
398,p10WV,p10WV_CelebA_S2_FBI_S2,RA,1396
399,p10WV,p10WV_CelebA_S2_FBI_S2,RA,336
400,p10WV,p10WV_CelebA_S2_FBI_S2,RA,456
401,p10WV,p10WV_CelebA_S2_FBI_S2,RA,2044
402,p10WV,p10WV_CelebA_S2_FBI_S2,RA,843
403,p10WV,p10WV_CelebA_S2_FBI_S2,RA,97
404,p10WV,p10WV_CelebA_S2_FBI_S2,RA,1626
405,p10WV,p10WV_CelebA_S2_FBI_S2,RA,706
406,p10WV,p10WV_CelebA_S2_FBI_S2,RA,1068
407,p10WV,p10WV_CelebA_S2_FBI_S2,RA,8104
408,p10WV,p10WV_CelebA_S2_FBI_S2,RA,835
409,p10WV,p10WV_CelebA_S2_FBI_S2,RA,691
410,p10WV,p10WV_CelebA_S2_FBI_S2,RA,4403
411,p10WV,p10WV_CelebA_S2_FBI_S2,RA,2139
412,p10WV,p10WV_CelebA_S2_FBI_S2,RA,3956
413,p10WV,p10WV_CelebA_S2_FBI_S2,RA,515
414,p10WV,p10WV_CelebA_Sess3,LPH,126
415,p10WV,p10WV_CelebA_Sess3,LPH,373
416,p10WV,p10WV_CelebA_Sess3,RA,373
417,p10WV,p10WV_CelebA_Sess3,RA,1325
418,p10WV,p10WV_CelebA_Sess3,RA,143
419,p10WV,p10WV_CelebA_Sess3,RA,70
420,p10WV,p10WV_CelebA_Sess3,RA,1237
421,p10WV,p10WV_CelebA_Sess3,RA,1025
422,p10WV,p10WV_CelebA_Sess3,RA,283
423,p10WV,p10WV_CelebA_Sess3,RA,597
424,p10WV,p10WV_CelebA_Sess3,RA,132
425,p10WV,p10WV_CelebA_Sess3,RA,378
426,p10WV,p10WV_CelebA_Sess3,RA,913
427,p10WV,p10WV_CelebA_Sess3,RA,232
428,p10WV,p10WV_CelebA_Sess3,RA,310
429,p10WV,p10WV_CelebA_Sess3,RA,55
430,p10WV,p10WV_CelebA_Sess3,RA,445
431,p10WV,p10WV_CelebA_Sess3,RA,3253
432,p10WV,p10WV_Loc2_S1_CelebA_S1_FBI_S1,LAH,524
433,p10WV,p10WV_Loc2_S1_CelebA_S1_FBI_S1,LAH,115
434,p10WV,p10WV_Loc2_S1_CelebA_S1_FBI_S1,LAH,4390
435,p10WV,p10WV_Loc2_S1_CelebA_S1_FBI_S1,LAH,5840
436,p10WV,p10WV_Loc2_S1_CelebA_S1_FBI_S1,LAH,29646
437,p10WV,p10WV_Loc2_S1_CelebA_S1_FBI_S1,LAH,3883
438,p10WV,p10WV_Loc2_S1_CelebA_S1_FBI_S1,LAH,1212
439,p10WV,p10WV_Loc2_S1_CelebA_S1_FBI_S1,LAH,21051
440,p10WV,p10WV_Loc2_S1_CelebA_S1_FBI_S1,LAH,3808
441,p10WV,p10WV_Loc2_S1_CelebA_S1_FBI_S1,LAH,5047
442,p10WV,p10WV_Loc2_S1_CelebA_S1_FBI_S1,LAH,16719
443,p10WV,p10WV_Loc2_S1_CelebA_S1_FBI_S1,LPH,1313
444,p10WV,p10WV_Loc2_S1_CelebA_S1_FBI_S1,LPH,1250
445,p10WV,p10WV_Loc2_S1_CelebA_S1_FBI_S1,LPH,748
446,p10WV,p10WV_Loc2_S1_CelebA_S1_FBI_S1,LPH,2311
447,p10WV,p10WV_Loc2_S1_CelebA_S1_FBI_S1,LPH,8157
448,p10WV,p10WV_Loc2_S1_CelebA_S1_FBI_S1,LPH,61
449,p10WV,p10WV_Loc2_S1_CelebA_S1_FBI_S1,LPH,269
450,p10WV,p10WV_Loc2_S1_CelebA_S1_FBI_S1,LPH,308
451,p10WV,p10WV_Loc2_S1_CelebA_S1_FBI_S1,LPH,5845
452,p10WV,p10WV_Loc2_S1_CelebA_S1_FBI_S1,LPH,1438
453,p10WV,p10WV_Loc2_S1_CelebA_S1_FBI_S1,LPH,3689
454,p10WV,p10WV_Loc2_S1_CelebA_S1_FBI_S1,LPH,429
455,p10WV,p10WV_Loc2_S1_CelebA_S1_FBI_S1,LPH,12353
456,p10WV,p10WV_Loc2_S1_CelebA_S1_FBI_S1,LPH,1066
457,p10WV,p10WV_Loc2_S1_CelebA_S1_FBI_S1,RA,154
458,p10WV,p10WV_Loc2_S1_CelebA_S1_FBI_S1,RA,140
459,p10WV,p10WV_Loc2_S1_CelebA_S1_FBI_S1,RA,57
460,p10WV,p10WV_Loc2_S1_CelebA_S1_FBI_S1,RA,1524
461,p10WV,p10WV_Loc2_S1_CelebA_S1_FBI_S1,RA,240
462,p10WV,p10WV_Loc2_S1_CelebA_S1_FBI_S1,RA,17508
463,p10WV,p10WV_Loc2_S1_CelebA_S1_FBI_S1,RA,3268
464,p10WV,p10WV_Loc2_S1_CelebA_S1_FBI_S1,RA,505
465,p10WV,p10WV_Loc2_S1_CelebA_S1_FBI_S1,RA,385
466,p10WV,p10WV_Loc2_S1_CelebA_S1_FBI_S1,RA,8099
467,p10WV,p10WV_Loc2_S1_CelebA_S1_FBI_S1,RA,135
468,p10WV,p10WV_Loc2_S1_CelebA_S1_FBI_S1,RA,7587
469,p10WV,p10WV_Loc2_S1_CelebA_S1_FBI_S1,RA,264
470,p10WV,p10WV_Loc2_S1_CelebA_S1_FBI_S1,RA,692
471,p10WV,p10WV_Loc2_S1_CelebA_S1_FBI_S1,RA,1764
472,p10WV,p10WV_Loc2_S1_CelebA_S1_FBI_S1,RA,9385
473,p10WV,p10WV_Loc2_S1_CelebA_S1_FBI_S1,RA,1347
474,p10WV,p10WV_Loc2_S1_CelebA_S1_FBI_S1,RA,244
475,p10WV,p10WV_Loc2_S1_CelebA_S1_FBI_S1,RA,1410
476,p10WV,p10WV_Loc2_S1_CelebA_S1_FBI_S1,RA,519
477,p10WV,p10WV_Loc2_S1_CelebA_S1_FBI_S1,RA,1357
478,p10WV,p10WV_Loc2_S1_CelebA_S1_FBI_S1,RA,3636
479,p10WV,p10WV_Loc2_S1_CelebA_S1_FBI_S1,RA,2362
480,p10WV,p10WV_Loc2_S1_CelebA_S1_FBI_S1,RA,4197
481,p10WV,p10WV_Loc2_S1_CelebA_S1_FBI_S1,RA,953
482,p10WV,p10WV_Loc2_S1_CelebA_S1_FBI_S1,RA,98
483,p10WV,p10WV_Loc2_S1_CelebA_S1_FBI_S1,RA,15170
484,p10WV,p10WV_Loc2_S1_CelebA_S1_FBI_S1,RA,704
485,p10WV,p10WV_Loc2_S1_CelebA_S1_FBI_S1,RA,980
486,p10WV,p10WV_Loc2_S1_CelebA_S1_FBI_S1,RA,15244
487,p10WV,p10WV_Loc2_S1_CelebA_S1_FBI_S1,RA,80
488,p10WV,p10WV_Loc2_S1_CelebA_S1_FBI_S1,RA,4527
489,p10WV,p10WV_Loc2_S1_CelebA_S1_FBI_S1,RA,170
490,p10WV,p10WV_Loc2_S1_CelebA_S1_FBI_S1,RA,1858
491,p10WV,p10WV_Loc2_S1_CelebA_S1_FBI_S1,RA,3869
492,p10WV,p10WV_Loc2_S1_CelebA_S1_FBI_S1,RA,4759
493,p10WV,p10WV_Loc2_S1_CelebA_S1_FBI_S1,LAH,504
494,p10WV,p10WV_Loc2_S1_CelebA_S1_FBI_S1,LAH,6742
495,p10WV,p10WV_Loc2_S1_CelebA_S1_FBI_S1,LAH,9339
496,p10WV,p10WV_Loc2_S1_CelebA_S1_FBI_S1,LAH,34070
497,p11WV,p11WV_CelebA_S1_FBI_S1_Loc2_S1,RA,72
498,p11WV,p11WV_CelebA_S1_FBI_S1_Loc2_S1,RA,308
499,p11WV,p11WV_CelebA_S1_FBI_S1_Loc2_S1,RA,155
500,p11WV,p11WV_CelebA_S1_FBI_S1_Loc2_S1,RA,9677
501,p11WV,p11WV_CelebA_S1_FBI_S1_Loc2_S1,RA,710
502,p11WV,p11WV_CelebA_S1_FBI_S1_Loc2_S1,RA,644
503,p11WV,p11WV_CelebA_S1_FBI_S1_Loc2_S1,RA,4402
504,p11WV,p11WV_CelebA_S1_FBI_S1_Loc2_S1,RA,6000
505,p11WV,p11WV_CelebA_S1_FBI_S1_Loc2_S1,RA,6288
506,p11WV,p11WV_CelebA_S1_FBI_S1_Loc2_S1,RA,480
507,p11WV,p11WV_CelebA_S1_FBI_S1_Loc2_S1,RA,919
508,p11WV,p11WV_CelebA_S1_FBI_S1_Loc2_S1,RA,3651
509,p11WV,p11WV_CelebA_S1_FBI_S1_Loc2_S1,RA,7924
510,p11WV,p11WV_CelebA_S1_FBI_S1_Loc2_S1,RA,202
511,p11WV,p11WV_CelebA_S1_FBI_S1_Loc2_S1,RA,715
512,p11WV,p11WV_CelebA_S1_FBI_S1_Loc2_S1,RA,72
513,p11WV,p11WV_CelebA_S1_FBI_S1_Loc2_S1,RA,270
514,p11WV,p11WV_CelebA_S1_FBI_S1_Loc2_S1,RA,1589
515,p11WV,p11WV_CelebA_S1_FBI_S1_Loc2_S1,RA,3332
516,p11WV,p11WV_CelebA_S1_FBI_S1_Loc2_S1,RA,718
517,p11WV,p11WV_CelebA_S1_FBI_S1_Loc2_S1,RA,863
518,p11WV,p11WV_CelebA_S1_FBI_S1_Loc2_S1,RA,5084
519,p11WV,p11WV_CelebA_S1_FBI_S1_Loc2_S1,RA,89
520,p11WV,p11WV_CelebA_S1_FBI_S1_Loc2_S1,RA,142
521,p11WV,p11WV_CelebA_S1_FBI_S1_Loc2_S1,RA,313
522,p11WV,p11WV_CelebA_S2_FBI_S2_Loc2_S2,RA,2120
523,p11WV,p11WV_CelebA_S2_FBI_S2_Loc2_S2,RA,362
524,p11WV,p11WV_CelebA_S2_FBI_S2_Loc2_S2,RA,222
525,p11WV,p11WV_CelebA_S2_FBI_S2_Loc2_S2,RA,1608
526,p11WV,p11WV_CelebA_S2_FBI_S2_Loc2_S2,RA,1150
527,p11WV,p11WV_CelebA_S2_FBI_S2_Loc2_S2,RA,5350
528,p11WV,p11WV_CelebA_S2_FBI_S2_Loc2_S2,RA,1216
529,p11WV,p11WV_CelebA_S2_FBI_S2_Loc2_S2,RA,550
530,p11WV,p11WV_CelebA_S2_FBI_S2_Loc2_S2,RA,10862
531,p11WV,p11WV_CelebA_S2_FBI_S2_Loc2_S2,RA,288
532,p11WV,p11WV_CelebA_S2_FBI_S2_Loc2_S2,RA,274
533,p11WV,p11WV_CelebA_S2_FBI_S2_Loc2_S2,RA,4651
534,p11WV,p11WV_CelebA_S2_FBI_S2_Loc2_S2,RA,3448
535,p11WV,p11WV_CelebA_S2_FBI_S2_Loc2_S2,RA,22374
536,p11WV,p11WV_CelebA_S2_FBI_S2_Loc2_S2,RA,555
537,p11WV,p11WV_CelebA_S2_FBI_S2_Loc2_S2,RA,85
538,p11WV,p11WV_CelebA_S2_FBI_S2_Loc2_S2,RA,2944
539,p11WV,p11WV_CelebA_S2_FBI_S2_Loc2_S2,RA,239
540,p11WV,p11WV_CelebA_S2_FBI_S2_Loc2_S2,RA,3590
541,p11WV,p11WV_CelebA_S3_FBI_S3_Loc2_S3,RAH,262
542,p11WV,p11WV_CelebA_S3_FBI_S3_Loc2_S3,RAH,148
543,p11WV,p11WV_CelebA_S3_FBI_S3_Loc2_S3,RAH,260
544,p11WV,p11WV_CelebA_S3_FBI_S3_Loc2_S3,RAH,107
545,p11WV,p11WV_CelebA_S3_FBI_S3_Loc2_S3,RAH,811
546,p11WV,p11WV_CelebA_S3_FBI_S3_Loc2_S3,RAH,1616
547,p11WV,p11WV_CelebA_S3_FBI_S3_Loc2_S3,RAH,234
548,p11WV,p11WV_CelebA_S3_FBI_S3_Loc2_S3,RAH,5509
549,p11WV,p11WV_CelebA_S3_FBI_S3_Loc2_S3,RAH,548
550,p11WV,p11WV_CelebA_S3_FBI_S3_Loc2_S3,RAH,8738
551,p11WV,p11WV_CelebA_S3_FBI_S3_Loc2_S3,RAH,310
552,p11WV,p11WV_CelebA_S3_FBI_S3_Loc2_S3,RAH,4539
553,p11WV,p11WV_CelebA_S3_FBI_S3_Loc2_S3,RAH,297
554,p11WV,p11WV_CelebA_S3_FBI_S3_Loc2_S3,RAH,507
555,p11WV,p11WV_CelebA_S3_FBI_S3_Loc2_S3,RAH,1028
556,p11WV,p11WV_CelebA_S3_FBI_S3_Loc2_S3,RAH,222
557,p11WV,p11WV_CelebA_S3_FBI_S3_Loc2_S3,RAH,9787
558,p11WV,p11WV_CelebA_S3_FBI_S3_Loc2_S3,RAH,56
559,p11WV,p11WV_CelebA_S3_FBI_S3_Loc2_S3,RAH,902
560,p11WV,p11WV_CelebA_S3_FBI_S3_Loc2_S3,RAH,2943
561,p11WV,p11WV_CelebA_S3_FBI_S3_Loc2_S3,RAH,513
562,p11WV,p11WV_CelebA_S3_FBI_S3_Loc2_S3,RAH,830
563,p11WV,p11WV_CelebA_S3_FBI_S3_Loc2_S3,RAH,10064
564,p11WV,p11WV_CelebA_S3_FBI_S3_Loc2_S3,RAH,209
565,p11WV,p11WV_CelebA_S3_FBI_S3_Loc2_S3,RAH,2848
566,p11WV,p11WV_CelebA_S3_FBI_S3_Loc2_S3,RA,4251
567,p11WV,p11WV_CelebA_S3_FBI_S3_Loc2_S3,RA,164
568,p11WV,p11WV_CelebA_S3_FBI_S3_Loc2_S3,RA,9093
569,p11WV,p11WV_CelebA_S3_FBI_S3_Loc2_S3,RA,412
570,p11WV,p11WV_CelebA_S3_FBI_S3_Loc2_S3,RA,1128
571,p11WV,p11WV_CelebA_S3_FBI_S3_Loc2_S3,RA,6497
572,p11WV,p11WV_CelebA_S3_FBI_S3_Loc2_S3,RA,3700
573,p11WV,p11WV_CelebA_S3_FBI_S3_Loc2_S3,RA,1527
574,p11WV,p11WV_CelebA_S3_FBI_S3_Loc2_S3,RA,243
575,p11WV,p11WV_CelebA_S3_FBI_S3_Loc2_S3,RA,2047
576,p11WV,p11WV_CelebA_S3_FBI_S3_Loc2_S3,RA,958
577,p11WV,p11WV_CelebA_S4_FBI_S4_Loc2_S4,RAH,445
578,p11WV,p11WV_CelebA_S4_FBI_S4_Loc2_S4,RAH,99
579,p11WV,p11WV_CelebA_S4_FBI_S4_Loc2_S4,RAH,919
580,p11WV,p11WV_CelebA_S4_FBI_S4_Loc2_S4,RAH,2113
581,p11WV,p11WV_CelebA_S4_FBI_S4_Loc2_S4,RAH,80
582,p11WV,p11WV_CelebA_S4_FBI_S4_Loc2_S4,RAH,88
583,p11WV,p11WV_CelebA_S4_FBI_S4_Loc2_S4,RAH,538
584,p11WV,p11WV_CelebA_S4_FBI_S4_Loc2_S4,RAH,169
585,p11WV,p11WV_CelebA_S4_FBI_S4_Loc2_S4,RAH,2134
586,p11WV,p11WV_CelebA_S4_FBI_S4_Loc2_S4,RAH,523
587,p11WV,p11WV_CelebA_S4_FBI_S4_Loc2_S4,RAH,5555
588,p11WV,p11WV_CelebA_S4_FBI_S4_Loc2_S4,RAH,1221
589,p11WV,p11WV_CelebA_S4_FBI_S4_Loc2_S4,RAH,1038
590,p11WV,p11WV_CelebA_S4_FBI_S4_Loc2_S4,RAH,2295
591,p11WV,p11WV_CelebA_S4_FBI_S4_Loc2_S4,RA,80
592,p11WV,p11WV_CelebA_S4_FBI_S4_Loc2_S4,RA,1086
593,p11WV,p11WV_CelebA_S4_FBI_S4_Loc2_S4,RA,1179
594,p11WV,p11WV_CelebA_S4_FBI_S4_Loc2_S4,RA,2544
595,p11WV,p11WV_CelebA_S4_FBI_S4_Loc2_S4,RA,3275
596,p11WV,p11WV_CelebA_S4_FBI_S4_Loc2_S4,RA,1356
597,p11WV,p11WV_CelebA_S4_FBI_S4_Loc2_S4,RA,1096
598,p11WV,p11WV_CelebA_Sess5,RAH,104
599,p11WV,p11WV_CelebA_Sess5,RAH,92
600,p11WV,p11WV_CelebA_Sess5,RAH,102
601,p11WV,p11WV_CelebA_Sess5,RAH,404
602,p13WV,p13WV_CelebA_Sess1,LAH,396
603,p13WV,p13WV_CelebA_Sess1,LAH,1476
604,p13WV,p13WV_CelebA_Sess1,LAH,1009
605,p13WV,p13WV_CelebA_Sess1,LAH,136
606,p13WV,p13WV_CelebA_Sess1,LA,2553
607,p14WV,p14WV_CelebA_S1_FBI_S1,LAH,67
608,p14WV,p14WV_CelebA_S1_FBI_S1,LPH,6364
609,p14WV,p14WV_CelebA_S1_FBI_S1,LPH,4721
610,p14WV,p14WV_CelebA_S1_FBI_S1,LA,3531
611,p14WV,p14WV_CelebA_S1_FBI_S1,LA,186
612,p14WV,p14WV_CelebA_S1_FBI_S1,LA,166
613,p14WV,p14WV_CelebA_S1_FBI_S1,LA,312
614,p14WV,p14WV_CelebA_S1_FBI_S1,LA,134
615,p14WV,p14WV_CelebA_S1_FBI_S1,LPH,1259
616,p14WV,p14WV_CelebA_S1_FBI_S1,LPH,3077
617,p14WV,p14WV_CelebA_S1_FBI_S1,RA,988
618,p14WV,p14WV_CelebA_S1_FBI_S1,RA,72
619,p14WV,p14WV_CelebA_S1_FBI_S1,RA,653
620,p14WV,p14WV_CelebA_S1_FBI_S1,RAH,1977
621,p14WV,p14WV_CelebA_S1_FBI_S1,RAH,736
622,p14WV,p14WV_CelebA_S1_FBI_S1,RAH,4518
623,p14WV,p14WV_CelebA_S1_FBI_S1,LA,531
624,p14WV,p14WV_CelebA_S1_FBI_S1,LA,146
625,p14WV,p14WV_CelebA_S1_FBI_S1,LA,615
626,p14WV,p14WV_CelebA_S1_FBI_S1,LA,452
627,p14WV,p14WV_CelebA_S1_FBI_S1,LA,122
628,p14WV,p14WV_CelebA_S1_FBI_S1,LA,218
629,p14WV,p14WV_CelebA_S1_FBI_S1,LA,202
630,p14WV,p14WV_CelebA_S1_FBI_S1,LA,62
631,p14WV,p14WV_CelebA_S1_FBI_S1,LA,1176
632,p14WV,p14WV_CelebA_S1_FBI_S1,LA,613
633,p14WV,p14WV_CelebA_S1_FBI_S1,LA,2054
634,p14WV,p14WV_CelebA_S1_FBI_S1,LA,4239
635,p14WV,p14WV_CelebA_S1_FBI_S1,LA,11925
636,p14WV,p14WV_CelebA_S1_FBI_S1,LA,210
637,p14WV,p14WV_CelebA_S1_FBI_S1,LA,538
638,p14WV,p14WV_CelebA_S1_FBI_S1,LA,2590
639,p14WV,p14WV_CelebA_S1_FBI_S1,LA,99
640,p14WV,p14WV_CelebA_S1_FBI_S1,LA,776
641,p14WV,p14WV_CelebA_S1_FBI_S1,LA,753
642,p14WV,p14WV_CelebA_S2_FBI_S2,LAH,1143
643,p14WV,p14WV_CelebA_S2_FBI_S2,LAH,8188
644,p14WV,p14WV_CelebA_S2_FBI_S2,LAH,2657
645,p14WV,p14WV_CelebA_S2_FBI_S2,LA,454
646,p14WV,p14WV_CelebA_S2_FBI_S2,LA,343
647,p14WV,p14WV_CelebA_S2_FBI_S2,LA,799
648,p14WV,p14WV_CelebA_S2_FBI_S2,LPH,877
649,p14WV,p14WV_CelebA_S2_FBI_S2,RA,412
650,p14WV,p14WV_CelebA_S2_FBI_S2,RA,3614
651,p14WV,p14WV_CelebA_S2_FBI_S2,RA,115
652,p14WV,p14WV_CelebA_S2_FBI_S2,LA,549
653,p14WV,p14WV_CelebA_S2_FBI_S2,RAH,7675
654,p14WV,p14WV_CelebA_S2_FBI_S2,RAH,329
655,p14WV,p14WV_CelebA_S2_FBI_S2,RAH,12241
656,p14WV,p14WV_CelebA_S2_FBI_S2,LA,256
657,p14WV,p14WV_CelebA_S2_FBI_S2,LA,286
658,p14WV,p14WV_CelebA_S2_FBI_S2,LA,483
659,p14WV,p14WV_CelebA_S2_FBI_S2,LA,110
660,p14WV,p14WV_CelebA_S2_FBI_S2,LA,885
661,p14WV,p14WV_CelebA_S2_FBI_S2,LA,141
662,p14WV,p14WV_CelebA_S2_FBI_S2,LA,1569
663,p14WV,p14WV_CelebA_S2_FBI_S2,LA,2874
664,p14WV,p14WV_CelebA_S2_FBI_S2,LA,5559
665,p14WV,p14WV_CelebA_S2_FBI_S2,LA,209
666,p14WV,p14WV_CelebA_S2_FBI_S2,LA,87
667,p14WV,p14WV_CelebA_S2_FBI_S2,LA,21193
668,p14WV,p14WV_CelebA_S2_FBI_S2,LA,140
669,p14WV,p14WV_CelebA_S2_FBI_S2,LA,624
670,p14WV,p14WV_CelebA_S2_FBI_S2,LA,444
671,p14WV,p14WV_CelebA_S2_FBI_S2,LA,83
672,p14WV,p14WV_CelebA_S2_FBI_S2,LA,3813
673,p14WV,p14WV_CelebA_S2_FBI_S2,LA,441
674,p14WV,p14WV_CelebA_S2_FBI_S2,LA,467
675,p14WV,p14WV_CelebA_S2_FBI_S2,LA,151
676,p14WV,p14WV_CelebA_S2_FBI_S2,LA,2295
677,p14WV,p14WV_CelebA_S2_FBI_S2,LA,1012
678,p14WV,p14WV_CelebA_S2_FBI_S2,LA,718
679,p14WV,p14WV_CelebA_S2_FBI_S2,LA,953
680,p14WV,p14WV_CelebA_S2_FBI_S2,LAH,5277
681,p14WV,p14WV_CelebA_S3_FBI_S3,LAH,1816
682,p14WV,p14WV_CelebA_S3_FBI_S3,LPH,439
683,p14WV,p14WV_CelebA_S3_FBI_S3,LPH,116
684,p14WV,p14WV_CelebA_S3_FBI_S3,LPH,613
685,p14WV,p14WV_CelebA_S3_FBI_S3,LPH,7551
686,p14WV,p14WV_CelebA_S3_FBI_S3,LPH,593
687,p14WV,p14WV_CelebA_S3_FBI_S3,LPH,236
688,p14WV,p14WV_CelebA_S3_FBI_S3,LPH,536
689,p14WV,p14WV_CelebA_S3_FBI_S3,LPH,79
690,p14WV,p14WV_CelebA_S3_FBI_S3,LPH,460
691,p14WV,p14WV_CelebA_S3_FBI_S3,LPH,100
692,p14WV,p14WV_CelebA_S3_FBI_S3,LPH,65
693,p14WV,p14WV_CelebA_S3_FBI_S3,LPH,2917
694,p14WV,p14WV_CelebA_S3_FBI_S3,LPH,1675
695,p14WV,p14WV_CelebA_S3_FBI_S3,LPH,414
696,p14WV,p14WV_CelebA_S3_FBI_S3,LPH,9843
697,p14WV,p14WV_CelebA_S3_FBI_S3,LPH,6090
698,p14WV,p14WV_CelebA_S3_FBI_S3,LPH,199
699,p14WV,p14WV_CelebA_S3_FBI_S3,LPH,1505
700,p14WV,p14WV_CelebA_S3_FBI_S3,LA,1104
701,p14WV,p14WV_CelebA_S3_FBI_S3,LA,417
702,p14WV,p14WV_CelebA_S3_FBI_S3,LA,5192
703,p14WV,p14WV_CelebA_S3_FBI_S3,LPH,82
704,p14WV,p14WV_CelebA_S3_FBI_S3,LPH,955
705,p14WV,p14WV_CelebA_S3_FBI_S3,LPH,4932
706,p14WV,p14WV_CelebA_S3_FBI_S3,LPH,2472
707,p14WV,p14WV_CelebA_S3_FBI_S3,LPH,691
708,p14WV,p14WV_CelebA_S3_FBI_S3,LPH,3370
709,p14WV,p14WV_CelebA_S3_FBI_S3,LPH,159
710,p14WV,p14WV_CelebA_S3_FBI_S3,LPH,106
711,p14WV,p14WV_CelebA_S3_FBI_S3,LPH,1284
712,p14WV,p14WV_CelebA_S3_FBI_S3,LPH,347
713,p14WV,p14WV_CelebA_S3_FBI_S3,LPH,241
714,p14WV,p14WV_CelebA_S3_FBI_S3,LPH,3490
715,p14WV,p14WV_CelebA_S3_FBI_S3,LPH,2886
716,p14WV,p14WV_CelebA_S3_FBI_S3,LPH,127
717,p14WV,p14WV_CelebA_S3_FBI_S3,LPH,654
718,p14WV,p14WV_CelebA_S3_FBI_S3,LPH,122
719,p14WV,p14WV_CelebA_S3_FBI_S3,LPH,3405
720,p14WV,p14WV_CelebA_S3_FBI_S3,LPH,1148
721,p14WV,p14WV_CelebA_S3_FBI_S3,LPH,207
722,p14WV,p14WV_CelebA_S3_FBI_S3,LPH,52
723,p14WV,p14WV_CelebA_S3_FBI_S3,LPH,217
724,p14WV,p14WV_CelebA_S3_FBI_S3,LPH,346
725,p14WV,p14WV_CelebA_S3_FBI_S3,LPH,2521
726,p14WV,p14WV_CelebA_S3_FBI_S3,LPH,356
727,p14WV,p14WV_CelebA_S3_FBI_S3,LPH,2233
728,p14WV,p14WV_CelebA_S3_FBI_S3,RA,149
729,p14WV,p14WV_CelebA_S3_FBI_S3,RA,357
730,p14WV,p14WV_CelebA_S3_FBI_S3,RA,593
731,p14WV,p14WV_CelebA_S3_FBI_S3,RA,2869
732,p14WV,p14WV_CelebA_S3_FBI_S3,LA,1538
733,p14WV,p14WV_CelebA_S3_FBI_S3,LA,854
734,p14WV,p14WV_CelebA_S3_FBI_S3,LA,123
735,p14WV,p14WV_CelebA_S3_FBI_S3,LA,286
736,p14WV,p14WV_CelebA_S3_FBI_S3,LA,165
737,p14WV,p14WV_CelebA_S3_FBI_S3,LA,989
738,p14WV,p14WV_CelebA_S3_FBI_S3,LA,131
739,p14WV,p14WV_CelebA_S3_FBI_S3,LA,94
740,p14WV,p14WV_CelebA_S3_FBI_S3,LA,79
741,p14WV,p14WV_CelebA_S3_FBI_S3,LA,466
742,p14WV,p14WV_CelebA_S3_FBI_S3,LA,582
743,p14WV,p14WV_CelebA_S3_FBI_S3,LA,6326
744,p14WV,p14WV_CelebA_S3_FBI_S3,LA,648
745,p14WV,p14WV_CelebA_S3_FBI_S3,LA,205
746,p14WV,p14WV_CelebA_S3_FBI_S3,LA,5527
747,p14WV,p14WV_CelebA_S3_FBI_S3,LA,56
748,p14WV,p14WV_CelebA_S3_FBI_S3,LA,202
749,p14WV,p14WV_CelebA_S3_FBI_S3,LA,74
750,p14WV,p14WV_CelebA_S3_FBI_S3,LA,979
751,p14WV,p14WV_CelebA_S3_FBI_S3,LA,1123
752,p14WV,p14WV_CelebA_S3_FBI_S3,LA,4056
753,p14WV,p14WV_CelebA_S3_FBI_S3,LA,275
754,p14WV,p14WV_CelebA_S3_FBI_S3,LAH,9066
755,p14WV,p14WV_CelebA_S4_FBI_S4,LPH,2964
756,p14WV,p14WV_CelebA_S4_FBI_S4,LPH,260
757,p14WV,p14WV_CelebA_S4_FBI_S4,LA,69
758,p14WV,p14WV_CelebA_S4_FBI_S4,LA,130
759,p14WV,p14WV_CelebA_S4_FBI_S4,LA,85
760,p14WV,p14WV_CelebA_S4_FBI_S4,LA,1121
761,p14WV,p14WV_CelebA_S4_FBI_S4,LPH,413
762,p14WV,p14WV_CelebA_S4_FBI_S4,LPH,401
763,p14WV,p14WV_CelebA_S4_FBI_S4,LPH,167
764,p14WV,p14WV_CelebA_S4_FBI_S4,LPH,606
765,p14WV,p14WV_CelebA_S4_FBI_S4,LPH,2858
766,p14WV,p14WV_CelebA_S4_FBI_S4,RA,312
767,p14WV,p14WV_CelebA_S4_FBI_S4,RA,2469
768,p14WV,p14WV_CelebA_S4_FBI_S4,RAH,3581
769,p14WV,p14WV_CelebA_S4_FBI_S4,LA,2841
770,p14WV,p14WV_CelebA_S4_FBI_S4,RAH,659
771,p14WV,p14WV_CelebA_S4_FBI_S4,LA,163
772,p14WV,p14WV_CelebA_S4_FBI_S4,LA,87
773,p14WV,p14WV_CelebA_S4_FBI_S4,LA,623
774,p14WV,p14WV_CelebA_S4_FBI_S4,LA,1366
775,p14WV,p14WV_CelebA_S4_FBI_S4,LA,64
776,p14WV,p14WV_CelebA_S4_FBI_S4,LA,1079
777,p14WV,p14WV_CelebA_S4_FBI_S4,LA,288
778,p14WV,p14WV_CelebA_S4_FBI_S4,LA,680
779,p14WV,p14WV_CelebA_S4_FBI_S4,LA,586
780,p15WV,p15WV_CelebA_S1_FBI_S1,RAH,3152
781,p15WV,p15WV_CelebA_S1_FBI_S1,RAH,51
782,p15WV,p15WV_CelebA_S1_FBI_S1,RAH,59
783,p15WV,p15WV_CelebA_S1_FBI_S1,RAH,208
784,p15WV,p15WV_CelebA_S1_FBI_S1,RAH,824
785,p15WV,p15WV_CelebA_S1_FBI_S1,RAH,1615
786,p15WV,p15WV_CelebA_S1_FBI_S1,RAH,2559
787,p15WV,p15WV_CelebA_S1_FBI_S1,RAH,1996
788,p15WV,p15WV_CelebA_S1_FBI_S1,RAH,185
789,p15WV,p15WV_CelebA_S1_FBI_S1,RAH,69
790,p15WV,p15WV_CelebA_S1_FBI_S1,RAH,686
791,p15WV,p15WV_CelebA_S1_FBI_S1,RAH,558
792,p15WV,p15WV_CelebA_S1_FBI_S1,RAH,1399
793,p15WV,p15WV_CelebA_S1_FBI_S1,RAH,1000
794,p15WV,p15WV_CelebA_S1_FBI_S1,RAH,111
795,p15WV,p15WV_CelebA_S1_FBI_S1,RAH,405
796,p15WV,p15WV_CelebA_S1_FBI_S1,RAH,68
797,p15WV,p15WV_CelebA_S1_FBI_S1,RAH,91
798,p15WV,p15WV_CelebA_S1_FBI_S1,RAH,421
799,p15WV,p15WV_CelebA_S1_FBI_S1,RAH,1976
800,p15WV,p15WV_CelebA_S1_FBI_S1,RAH,559
801,p15WV,p15WV_CelebA_S1_FBI_S1,LA,6157
802,p15WV,p15WV_CelebA_S1_FBI_S1,LA,789
803,p15WV,p15WV_CelebA_S1_FBI_S1,LA,1429
804,p15WV,p15WV_CelebA_S1_FBI_S1,LA,1516
805,p15WV,p15WV_CelebA_S1_FBI_S1,LA,3697
806,p15WV,p15WV_CelebA_S1_FBI_S1,LA,2713
807,p15WV,p15WV_CelebA_S1_FBI_S1,LA,6168
808,p15WV,p15WV_CelebA_S1_FBI_S1,LA,1378
809,p15WV,p15WV_CelebA_S1_FBI_S1,LA,78
810,p15WV,p15WV_CelebA_S1_FBI_S1,LA,1266
811,p15WV,p15WV_CelebA_S1_FBI_S1,LA,216
812,p15WV,p15WV_CelebA_S1_FBI_S1,LA,71
813,p15WV,p15WV_CelebA_S1_FBI_S1,LA,406
814,p15WV,p15WV_CelebA_S1_FBI_S1,LA,4163
815,p15WV,p15WV_CelebA_S1_FBI_S1,LA,677
816,p15WV,p15WV_CelebA_S2_FBI_S2,RAH,113
817,p15WV,p15WV_CelebA_S2_FBI_S2,RAH,78
818,p15WV,p15WV_CelebA_S2_FBI_S2,RAH,852
819,p15WV,p15WV_CelebA_S2_FBI_S2,RAH,1449
820,p15WV,p15WV_CelebA_S2_FBI_S2,RAH,4911
821,p15WV,p15WV_CelebA_S2_FBI_S2,LA,4011
822,p15WV,p15WV_CelebA_S2_FBI_S2,RAH,897
823,p15WV,p15WV_CelebA_S2_FBI_S2,RAH,7671
824,p15WV,p15WV_CelebA_S2_FBI_S2,RAH,248
825,p15WV,p15WV_CelebA_S2_FBI_S2,RAH,2181
826,p15WV,p15WV_CelebA_S2_FBI_S2,LA,397
827,p15WV,p15WV_CelebA_S2_FBI_S2,LA,1884
828,p15WV,p15WV_CelebA_S2_FBI_S2,LA,11201
829,p15WV,p15WV_CelebA_S2_FBI_S2,LA,177
830,p15WV,p15WV_CelebA_S2_FBI_S2,LA,3468
831,p15WV,p15WV_CelebA_S2_FBI_S2,LA,355
832,p15WV,p15WV_CelebA_S2_FBI_S2,LA,140
833,p15WV,p15WV_CelebA_S2_FBI_S2,LA,420
834,p15WV,p15WV_CelebA_S2_FBI_S2,LA,90
835,p15WV,p15WV_CelebA_S2_FBI_S2,LA,178
836,p15WV,p15WV_CelebA_S2_FBI_S2,LA,751
837,p15WV,p15WV_CelebA_S2_FBI_S2,LA,3081
838,p15WV,p15WV_CelebA_S2_FBI_S2,LA,105
839,p15WV,p15WV_CelebA_S2_FBI_S2,LA,14687
840,p15WV,p15WV_CelebA_S2_FBI_S2,LA,2237
841,p16WV,p16WV_CelebA_S1,LAH,290
842,p16WV,p16WV_CelebA_S1,LAH,982
843,p16WV,p16WV_CelebA_S1,LAH,270
844,p16WV,p16WV_CelebA_S1,LAH,2673
845,p16WV,p16WV_CelebA_S1,LAH,120
846,p16WV,p16WV_CelebA_S1,LAH,191
847,p16WV,p16WV_CelebA_S1,LAH,1022
848,p16WV,p16WV_CelebA_S1,LAH,2766
849,p16WV,p16WV_CelebA_S1,LAH,986
850,p16WV,p16WV_CelebA_S1,LAH,1564
851,p16WV,p16WV_CelebA_S1,LPH,171
852,p16WV,p16WV_CelebA_S1,LPH,70
853,p16WV,p16WV_CelebA_S1,LPH,1383
854,p16WV,p16WV_CelebA_S1,LPH,489
855,p16WV,p16WV_CelebA_S1,LPH,3224
856,p16WV,p16WV_CelebA_S1,LPH,1412
857,p16WV,p16WV_CelebA_S1,LPH,5903
858,p16WV,p16WV_CelebA_S1,LA,1296
859,p16WV,p16WV_CelebA_S1,LA,3125
860,p16WV,p16WV_CelebA_S1,LPH,120
861,p16WV,p16WV_CelebA_S1,LPH,389
862,p16WV,p16WV_CelebA_S1,LPH,632
863,p16WV,p16WV_CelebA_S1,LPH,161
864,p16WV,p16WV_CelebA_S1,LPH,1315
865,p16WV,p16WV_CelebA_S1,LPH,513
866,p16WV,p16WV_CelebA_S1,LPH,231
867,p16WV,p16WV_CelebA_S1,LPH,348
868,p16WV,p16WV_CelebA_S1,RA,758
869,p16WV,p16WV_CelebA_S1,RA,967
870,p16WV,p16WV_CelebA_S1,RA,672
871,p16WV,p16WV_CelebA_S1,RA,5755
872,p16WV,p16WV_CelebA_S1,RA,117
873,p16WV,p16WV_CelebA_S1,RA,133
874,p16WV,p16WV_CelebA_S1,RA,71
875,p16WV,p16WV_CelebA_S1,RA,1731
876,p16WV,p16WV_CelebA_S1,RA,87
877,p16WV,p16WV_CelebA_S1,RA,254
878,p16WV,p16WV_CelebA_S1,RA,774
879,p16WV,p16WV_CelebA_S1,LA,5221
880,p16WV,p16WV_CelebA_S1,RA,411
881,p16WV,p16WV_CelebA_S1,RAH,430
882,p16WV,p16WV_CelebA_S1,RAH,180
883,p16WV,p16WV_CelebA_S1,RAH,213
884,p16WV,p16WV_CelebA_S1,RAH,4847
885,p16WV,p16WV_CelebA_S1,RAH,181
886,p16WV,p16WV_CelebA_S1,RAH,991
887,p16WV,p16WV_CelebA_S1,RAH,3028
888,p16WV,p16WV_CelebA_S1,RAH,2615
889,p16WV,p16WV_CelebA_S1,RAH,285
890,p16WV,p16WV_CelebA_S1,RAH,649
891,p16WV,p16WV_CelebA_S1,RAH,114
892,p16WV,p16WV_CelebA_S1,LA,1447
893,p16WV,p16WV_CelebA_S1,LA,177
894,p16WV,p16WV_CelebA_S1,LA,480
895,p16WV,p16WV_CelebA_S1,LA,64
896,p16WV,p16WV_CelebA_S1,LA,335
897,p16WV,p16WV_CelebA_S1,LA,584
898,p16WV,p16WV_CelebA_S1,LA,846
899,p16WV,p16WV_CelebA_S1,LA,2100
900,p16WV,p16WV_CelebA_S1,LA,70
901,p16WV,p16WV_CelebA_S1,LAH,6995
902,p16WV,p16WV_CelebA_S1,LAH,802
903,p16WV,p16WV_CelebA_S2_NavFace_S1,LAH,1458
904,p16WV,p16WV_CelebA_S2_NavFace_S1,LAH,1448
905,p16WV,p16WV_CelebA_S2_NavFace_S1,LAH,1175
906,p16WV,p16WV_CelebA_S2_NavFace_S1,LAH,4083
907,p16WV,p16WV_CelebA_S2_NavFace_S1,LAH,631
908,p16WV,p16WV_CelebA_S2_NavFace_S1,LAH,414
909,p16WV,p16WV_CelebA_S2_NavFace_S1,LAH,212
910,p16WV,p16WV_CelebA_S2_NavFace_S1,LAH,140
911,p16WV,p16WV_CelebA_S2_NavFace_S1,LAH,2080
912,p16WV,p16WV_CelebA_S2_NavFace_S1,LAH,983
913,p16WV,p16WV_CelebA_S2_NavFace_S1,LAH,4625
914,p16WV,p16WV_CelebA_S2_NavFace_S1,LPH,2445
915,p16WV,p16WV_CelebA_S2_NavFace_S1,LPH,1404
916,p16WV,p16WV_CelebA_S2_NavFace_S1,LPH,1018
917,p16WV,p16WV_CelebA_S2_NavFace_S1,LPH,1964
918,p16WV,p16WV_CelebA_S2_NavFace_S1,LPH,3849
919,p16WV,p16WV_CelebA_S2_NavFace_S1,LPH,2257
920,p16WV,p16WV_CelebA_S2_NavFace_S1,LPH,342
921,p16WV,p16WV_CelebA_S2_NavFace_S1,LPH,838
922,p16WV,p16WV_CelebA_S2_NavFace_S1,LPH,8209
923,p16WV,p16WV_CelebA_S2_NavFace_S1,LPH,176
924,p16WV,p16WV_CelebA_S2_NavFace_S1,LPH,470
925,p16WV,p16WV_CelebA_S2_NavFace_S1,LA,557
926,p16WV,p16WV_CelebA_S2_NavFace_S1,LA,1124
927,p16WV,p16WV_CelebA_S2_NavFace_S1,LA,2017
928,p16WV,p16WV_CelebA_S2_NavFace_S1,LA,1162
929,p16WV,p16WV_CelebA_S2_NavFace_S1,LPH,124
930,p16WV,p16WV_CelebA_S2_NavFace_S1,LPH,464
931,p16WV,p16WV_CelebA_S2_NavFace_S1,LPH,5228
932,p16WV,p16WV_CelebA_S2_NavFace_S1,LPH,430
933,p16WV,p16WV_CelebA_S2_NavFace_S1,LPH,956
934,p16WV,p16WV_CelebA_S2_NavFace_S1,LPH,1278
935,p16WV,p16WV_CelebA_S2_NavFace_S1,LPH,2604
936,p16WV,p16WV_CelebA_S2_NavFace_S1,LPH,1077
937,p16WV,p16WV_CelebA_S2_NavFace_S1,LPH,1270
938,p16WV,p16WV_CelebA_S2_NavFace_S1,LPH,9395
939,p16WV,p16WV_CelebA_S2_NavFace_S1,LPH,763
940,p16WV,p16WV_CelebA_S2_NavFace_S1,LPH,371
941,p16WV,p16WV_CelebA_S2_NavFace_S1,LPH,108
942,p16WV,p16WV_CelebA_S2_NavFace_S1,LPH,1459
943,p16WV,p16WV_CelebA_S2_NavFace_S1,LPH,7843
944,p16WV,p16WV_CelebA_S2_NavFace_S1,LPH,107
945,p16WV,p16WV_CelebA_S2_NavFace_S1,RA,71
946,p16WV,p16WV_CelebA_S2_NavFace_S1,RA,1663
947,p16WV,p16WV_CelebA_S2_NavFace_S1,RA,632
948,p16WV,p16WV_CelebA_S2_NavFace_S1,RA,21267
949,p16WV,p16WV_CelebA_S2_NavFace_S1,RA,334
950,p16WV,p16WV_CelebA_S2_NavFace_S1,RA,729
951,p16WV,p16WV_CelebA_S2_NavFace_S1,RA,528
952,p16WV,p16WV_CelebA_S2_NavFace_S1,RA,493
953,p16WV,p16WV_CelebA_S2_NavFace_S1,RA,4535
954,p16WV,p16WV_CelebA_S2_NavFace_S1,RA,318
955,p16WV,p16WV_CelebA_S2_NavFace_S1,RA,170
956,p16WV,p16WV_CelebA_S2_NavFace_S1,RA,1302
957,p16WV,p16WV_CelebA_S2_NavFace_S1,LA,681
958,p16WV,p16WV_CelebA_S2_NavFace_S1,LA,648
959,p16WV,p16WV_CelebA_S2_NavFace_S1,LA,2413
960,p16WV,p16WV_CelebA_S2_NavFace_S1,LA,7643
961,p16WV,p16WV_CelebA_S2_NavFace_S1,LA,5698
962,p16WV,p16WV_CelebA_S2_NavFace_S1,RA,868
963,p16WV,p16WV_CelebA_S2_NavFace_S1,RA,926
964,p16WV,p16WV_CelebA_S2_NavFace_S1,RA,170
965,p16WV,p16WV_CelebA_S2_NavFace_S1,RA,797
966,p16WV,p16WV_CelebA_S2_NavFace_S1,RAH,6927
967,p16WV,p16WV_CelebA_S2_NavFace_S1,RAH,2136
968,p16WV,p16WV_CelebA_S2_NavFace_S1,RAH,1957
969,p16WV,p16WV_CelebA_S2_NavFace_S1,RAH,7136
970,p16WV,p16WV_CelebA_S2_NavFace_S1,RAH,59
971,p16WV,p16WV_CelebA_S2_NavFace_S1,RAH,2022
972,p16WV,p16WV_CelebA_S2_NavFace_S1,RAH,1838
973,p16WV,p16WV_CelebA_S2_NavFace_S1,RAH,290
974,p16WV,p16WV_CelebA_S2_NavFace_S1,RAH,3398
975,p16WV,p16WV_CelebA_S2_NavFace_S1,RAH,342
976,p16WV,p16WV_CelebA_S2_NavFace_S1,RAH,11174
977,p16WV,p16WV_CelebA_S2_NavFace_S1,RAH,1075
978,p16WV,p16WV_CelebA_S2_NavFace_S1,RAH,682
979,p16WV,p16WV_CelebA_S2_NavFace_S1,RAH,290
980,p16WV,p16WV_CelebA_S2_NavFace_S1,RAH,337
981,p16WV,p16WV_CelebA_S2_NavFace_S1,RAH,3323
982,p16WV,p16WV_CelebA_S2_NavFace_S1,RAH,2555
983,p16WV,p16WV_CelebA_S2_NavFace_S1,LA,1180
984,p16WV,p16WV_CelebA_S2_NavFace_S1,LA,96
985,p16WV,p16WV_CelebA_S2_NavFace_S1,LA,10144
986,p16WV,p16WV_CelebA_S2_NavFace_S1,RPH,558
987,p16WV,p16WV_CelebA_S2_NavFace_S1,RPH,6794
988,p16WV,p16WV_CelebA_S2_NavFace_S1,LA,74
989,p16WV,p16WV_CelebA_S2_NavFace_S1,LA,321
990,p16WV,p16WV_CelebA_S2_NavFace_S1,LA,2112
991,p16WV,p16WV_CelebA_S2_NavFace_S1,LA,3852
992,p16WV,p16WV_CelebA_S2_NavFace_S1,LA,435
993,p16WV,p16WV_CelebA_S2_NavFace_S1,LA,878
994,p16WV,p16WV_CelebA_S2_NavFace_S1,LA,391
995,p16WV,p16WV_CelebA_S2_NavFace_S1,LA,568
996,p16WV,p16WV_CelebA_S2_NavFace_S1,LA,4306
997,p16WV,p16WV_CelebA_S2_NavFace_S1,LA,1543
998,p16WV,p16WV_CelebA_S2_NavFace_S1,LA,4327
999,p16WV,p16WV_CelebA_S2_NavFace_S1,LA,5319
1000,p16WV,p16WV_CelebA_S2_NavFace_S1,LAH,5319
1001,p16WV,p16WV_CelebA_S2_NavFace_S1,LAH,1376
1002,p16WV,p16WV_CelebA_S2_NavFace_S1,LAH,5270
1003,p16WV,p16WV_CelebA_S3_NavFace_S3,LAH,6204
1004,p16WV,p16WV_CelebA_S3_NavFace_S3,LAH,1179
1005,p16WV,p16WV_CelebA_S3_NavFace_S3,LAH,4528
1006,p16WV,p16WV_CelebA_S3_NavFace_S3,LAH,3496
1007,p16WV,p16WV_CelebA_S3_NavFace_S3,LAH,571
1008,p16WV,p16WV_CelebA_S3_NavFace_S3,LAH,121
1009,p16WV,p16WV_CelebA_S3_NavFace_S3,LAH,483
1010,p16WV,p16WV_CelebA_S3_NavFace_S3,LAH,4361
1011,p16WV,p16WV_CelebA_S3_NavFace_S3,LAH,3286
1012,p16WV,p16WV_CelebA_S3_NavFace_S3,LAH,7443
1013,p16WV,p16WV_CelebA_S3_NavFace_S3,LPH,633
1014,p16WV,p16WV_CelebA_S3_NavFace_S3,LPH,883
1015,p16WV,p16WV_CelebA_S3_NavFace_S3,LPH,111
1016,p16WV,p16WV_CelebA_S3_NavFace_S3,LPH,953
1017,p16WV,p16WV_CelebA_S3_NavFace_S3,LPH,726
1018,p16WV,p16WV_CelebA_S3_NavFace_S3,LPH,83
1019,p16WV,p16WV_CelebA_S3_NavFace_S3,LPH,376
1020,p16WV,p16WV_CelebA_S3_NavFace_S3,LPH,4192
1021,p16WV,p16WV_CelebA_S3_NavFace_S3,LPH,2535
1022,p16WV,p16WV_CelebA_S3_NavFace_S3,LA,508
1023,p16WV,p16WV_CelebA_S3_NavFace_S3,LA,731
1024,p16WV,p16WV_CelebA_S3_NavFace_S3,LA,11855
1025,p16WV,p16WV_CelebA_S3_NavFace_S3,LPH,56
1026,p16WV,p16WV_CelebA_S3_NavFace_S3,LPH,832
1027,p16WV,p16WV_CelebA_S3_NavFace_S3,LPH,1235
1028,p16WV,p16WV_CelebA_S3_NavFace_S3,LPH,1208
1029,p16WV,p16WV_CelebA_S3_NavFace_S3,LPH,4984
1030,p16WV,p16WV_CelebA_S3_NavFace_S3,LPH,1016
1031,p16WV,p16WV_CelebA_S3_NavFace_S3,LPH,981
1032,p16WV,p16WV_CelebA_S3_NavFace_S3,LPH,3609
1033,p16WV,p16WV_CelebA_S3_NavFace_S3,LPH,6929
1034,p16WV,p16WV_CelebA_S3_NavFace_S3,RA,93
1035,p16WV,p16WV_CelebA_S3_NavFace_S3,RA,235
1036,p16WV,p16WV_CelebA_S3_NavFace_S3,RA,562
1037,p16WV,p16WV_CelebA_S3_NavFace_S3,RA,932
1038,p16WV,p16WV_CelebA_S3_NavFace_S3,RA,867
1039,p16WV,p16WV_CelebA_S3_NavFace_S3,RA,15701
1040,p16WV,p16WV_CelebA_S3_NavFace_S3,RA,2056
1041,p16WV,p16WV_CelebA_S3_NavFace_S3,RA,194
1042,p16WV,p16WV_CelebA_S3_NavFace_S3,RA,1485
1043,p16WV,p16WV_CelebA_S3_NavFace_S3,RA,3677
1044,p16WV,p16WV_CelebA_S3_NavFace_S3,RA,234
1045,p16WV,p16WV_CelebA_S3_NavFace_S3,RA,2537
1046,p16WV,p16WV_CelebA_S3_NavFace_S3,LA,558
1047,p16WV,p16WV_CelebA_S3_NavFace_S3,LA,640
1048,p16WV,p16WV_CelebA_S3_NavFace_S3,LA,648
1049,p16WV,p16WV_CelebA_S3_NavFace_S3,RA,4279
1050,p16WV,p16WV_CelebA_S3_NavFace_S3,RA,320
1051,p16WV,p16WV_CelebA_S3_NavFace_S3,RA,1308
1052,p16WV,p16WV_CelebA_S3_NavFace_S3,RA,838
1053,p16WV,p16WV_CelebA_S3_NavFace_S3,RAH,5784
1054,p16WV,p16WV_CelebA_S3_NavFace_S3,RAH,10782
1055,p16WV,p16WV_CelebA_S3_NavFace_S3,RAH,2034
1056,p16WV,p16WV_CelebA_S3_NavFace_S3,RAH,2689
1057,p16WV,p16WV_CelebA_S3_NavFace_S3,RAH,3711
1058,p16WV,p16WV_CelebA_S3_NavFace_S3,RAH,4914
1059,p16WV,p16WV_CelebA_S3_NavFace_S3,RAH,663
1060,p16WV,p16WV_CelebA_S3_NavFace_S3,RAH,4498
1061,p16WV,p16WV_CelebA_S3_NavFace_S3,RAH,17406
1062,p16WV,p16WV_CelebA_S3_NavFace_S3,RAH,9119
1063,p16WV,p16WV_CelebA_S3_NavFace_S3,RAH,925
1064,p16WV,p16WV_CelebA_S3_NavFace_S3,RAH,5808
1065,p16WV,p16WV_CelebA_S3_NavFace_S3,LA,1401
1066,p16WV,p16WV_CelebA_S3_NavFace_S3,LA,15011
1067,p16WV,p16WV_CelebA_S3_NavFace_S3,LA,931
1068,p16WV,p16WV_CelebA_S3_NavFace_S3,LA,1033
1069,p16WV,p16WV_CelebA_S3_NavFace_S3,LA,1285
1070,p16WV,p16WV_CelebA_S3_NavFace_S3,LA,758
1071,p16WV,p16WV_CelebA_S3_NavFace_S3,LA,10254
1072,p16WV,p16WV_CelebA_S3_NavFace_S3,LA,2348
1073,p16WV,p16WV_CelebA_S3_NavFace_S3,LA,59172
1074,p16WV,p16WV_CelebA_S3_NavFace_S3,LA,5068
1075,p16WV,p16WV_CelebA_S3_NavFace_S3,LA,1826
1076,p16WV,p16WV_CelebA_S3_NavFace_S3,LA,3670
1077,p16WV,p16WV_CelebA_S3_NavFace_S3,LA,8088
1078,p16WV,p16WV_CelebA_S3_NavFace_S3,LA,1019
1079,p16WV,p16WV_CelebA_S3_NavFace_S3,LA,11669
1080,p16WV,p16WV_CelebA_S3_NavFace_S3,LAH,210
1081,p16WV,p16WV_CelebA_S3_NavFace_S3,LAH,1338
1082,p16WV,p16WV_CelebA_S3_NavFace_S3,LAH,230
1083,p16WV,p16WV_CelebA_S3_NavFace_S3,LAH,4400
1084,p16WV,p16WV_CelebA_S4_NavObj_S2,LAH,690
1085,p16WV,p16WV_CelebA_S4_NavObj_S2,LAH,2484
1086,p16WV,p16WV_CelebA_S4_NavObj_S2,LAH,74952
1087,p16WV,p16WV_CelebA_S4_NavObj_S2,LAH,1796
1088,p16WV,p16WV_CelebA_S4_NavObj_S2,LAH,11790
1089,p16WV,p16WV_CelebA_S4_NavObj_S2,LAH,1211
1090,p16WV,p16WV_CelebA_S4_NavObj_S2,LAH,2006
1091,p16WV,p16WV_CelebA_S4_NavObj_S2,LPH,97
1092,p16WV,p16WV_CelebA_S4_NavObj_S2,LPH,126
1093,p16WV,p16WV_CelebA_S4_NavObj_S2,LPH,351
1094,p16WV,p16WV_CelebA_S4_NavObj_S2,LPH,829
1095,p16WV,p16WV_CelebA_S4_NavObj_S2,LPH,645
1096,p16WV,p16WV_CelebA_S4_NavObj_S2,LPH,437
1097,p16WV,p16WV_CelebA_S4_NavObj_S2,LPH,510
1098,p16WV,p16WV_CelebA_S4_NavObj_S2,LPH,1269
1099,p16WV,p16WV_CelebA_S4_NavObj_S2,LPH,1711
1100,p16WV,p16WV_CelebA_S4_NavObj_S2,LPH,2068
1101,p16WV,p16WV_CelebA_S4_NavObj_S2,LA,577
1102,p16WV,p16WV_CelebA_S4_NavObj_S2,LA,27855
1103,p16WV,p16WV_CelebA_S4_NavObj_S2,LA,1081
1104,p16WV,p16WV_CelebA_S4_NavObj_S2,LPH,3815
1105,p16WV,p16WV_CelebA_S4_NavObj_S2,LPH,12326
1106,p16WV,p16WV_CelebA_S4_NavObj_S2,LPH,320
1107,p16WV,p16WV_CelebA_S4_NavObj_S2,LPH,1421
1108,p16WV,p16WV_CelebA_S4_NavObj_S2,LPH,740
1109,p16WV,p16WV_CelebA_S4_NavObj_S2,LPH,5392
1110,p16WV,p16WV_CelebA_S4_NavObj_S2,LPH,1114
1111,p16WV,p16WV_CelebA_S4_NavObj_S2,LPH,1274
1112,p16WV,p16WV_CelebA_S4_NavObj_S2,LPH,605
1113,p16WV,p16WV_CelebA_S4_NavObj_S2,LPH,38822
1114,p16WV,p16WV_CelebA_S4_NavObj_S2,RA,185
1115,p16WV,p16WV_CelebA_S4_NavObj_S2,RA,627
1116,p16WV,p16WV_CelebA_S4_NavObj_S2,RA,2222
1117,p16WV,p16WV_CelebA_S4_NavObj_S2,RA,463
1118,p16WV,p16WV_CelebA_S4_NavObj_S2,RA,161
1119,p16WV,p16WV_CelebA_S4_NavObj_S2,RA,373
1120,p16WV,p16WV_CelebA_S4_NavObj_S2,RA,771
1121,p16WV,p16WV_CelebA_S4_NavObj_S2,RA,1376
1122,p16WV,p16WV_CelebA_S4_NavObj_S2,RA,3929
1123,p16WV,p16WV_CelebA_S4_NavObj_S2,RA,9915
1124,p16WV,p16WV_CelebA_S4_NavObj_S2,RA,489
1125,p16WV,p16WV_CelebA_S4_NavObj_S2,RA,290
1126,p16WV,p16WV_CelebA_S4_NavObj_S2,RA,76
1127,p16WV,p16WV_CelebA_S4_NavObj_S2,RA,226
1128,p16WV,p16WV_CelebA_S4_NavObj_S2,RA,2278
1129,p16WV,p16WV_CelebA_S4_NavObj_S2,RA,227
1130,p16WV,p16WV_CelebA_S4_NavObj_S2,LA,95
1131,p16WV,p16WV_CelebA_S4_NavObj_S2,LA,2259
1132,p16WV,p16WV_CelebA_S4_NavObj_S2,LA,275
1133,p16WV,p16WV_CelebA_S4_NavObj_S2,LA,16617
1134,p16WV,p16WV_CelebA_S4_NavObj_S2,RA,400
1135,p16WV,p16WV_CelebA_S4_NavObj_S2,RA,2463
1136,p16WV,p16WV_CelebA_S4_NavObj_S2,RA,1076
1137,p16WV,p16WV_CelebA_S4_NavObj_S2,RA,155
1138,p16WV,p16WV_CelebA_S4_NavObj_S2,RA,5403
1139,p16WV,p16WV_CelebA_S4_NavObj_S2,RA,917
1140,p16WV,p16WV_CelebA_S4_NavObj_S2,RAH,21938
1141,p16WV,p16WV_CelebA_S4_NavObj_S2,RAH,54240
1142,p16WV,p16WV_CelebA_S4_NavObj_S2,RAH,57706
1143,p16WV,p16WV_CelebA_S4_NavObj_S2,RAH,361
1144,p16WV,p16WV_CelebA_S4_NavObj_S2,RAH,523
1145,p16WV,p16WV_CelebA_S4_NavObj_S2,RAH,5033
1146,p16WV,p16WV_CelebA_S4_NavObj_S2,RAH,3266
1147,p16WV,p16WV_CelebA_S4_NavObj_S2,RAH,3665
1148,p16WV,p16WV_CelebA_S4_NavObj_S2,RAH,53
1149,p16WV,p16WV_CelebA_S4_NavObj_S2,RAH,220
1150,p16WV,p16WV_CelebA_S4_NavObj_S2,RAH,173
1151,p16WV,p16WV_CelebA_S4_NavObj_S2,RAH,4644
1152,p16WV,p16WV_CelebA_S4_NavObj_S2,RAH,2006
1153,p16WV,p16WV_CelebA_S4_NavObj_S2,RAH,13008
1154,p16WV,p16WV_CelebA_S4_NavObj_S2,RAH,2136
1155,p16WV,p16WV_CelebA_S4_NavObj_S2,RAH,439
1156,p16WV,p16WV_CelebA_S4_NavObj_S2,RAH,5241
1157,p16WV,p16WV_CelebA_S4_NavObj_S2,LA,3482
1158,p16WV,p16WV_CelebA_S4_NavObj_S2,LA,5787
1159,p16WV,p16WV_CelebA_S4_NavObj_S2,LA,3978
1160,p16WV,p16WV_CelebA_S4_NavObj_S2,LA,77
1161,p16WV,p16WV_CelebA_S4_NavObj_S2,LA,2089
1162,p16WV,p16WV_CelebA_S4_NavObj_S2,LA,1468
1163,p16WV,p16WV_CelebA_S4_NavObj_S2,LA,823
1164,p16WV,p16WV_CelebA_S4_NavObj_S2,LA,6885
1165,p16WV,p16WV_CelebA_S4_NavObj_S2,LA,482
1166,p16WV,p16WV_CelebA_S4_NavObj_S2,LA,7309
1167,p16WV,p16WV_CelebA_S4_NavObj_S2,LA,1180
1168,p16WV,p16WV_CelebA_S4_NavObj_S2,LA,336
1169,p16WV,p16WV_CelebA_S4_NavObj_S2,LA,657
1170,p16WV,p16WV_CelebA_S4_NavObj_S2,LA,576
1171,p16WV,p16WV_CelebA_S4_NavObj_S2,LA,4317
1172,p16WV,p16WV_CelebA_S4_NavObj_S2,LA,903
1173,p16WV,p16WV_CelebA_S4_NavObj_S2,LAH,161
1174,p16WV,p16WV_CelebA_S4_NavObj_S2,LAH,4507
1175,p16WV,p16WV_CelebA_S4_NavObj_S2,LAH,5380
1176,p16WV,p16WV_CelebA_S5_FBI_S1_NavFace_S4,LAH,156
1177,p16WV,p16WV_CelebA_S5_FBI_S1_NavFace_S4,LAH,114
1178,p16WV,p16WV_CelebA_S5_FBI_S1_NavFace_S4,LAH,170
1179,p16WV,p16WV_CelebA_S5_FBI_S1_NavFace_S4,LAH,51
1180,p16WV,p16WV_CelebA_S5_FBI_S1_NavFace_S4,LAH,1300
1181,p16WV,p16WV_CelebA_S5_FBI_S1_NavFace_S4,LAH,1028
1182,p16WV,p16WV_CelebA_S5_FBI_S1_NavFace_S4,LAH,400
1183,p16WV,p16WV_CelebA_S5_FBI_S1_NavFace_S4,LAH,749
1184,p16WV,p16WV_CelebA_S5_FBI_S1_NavFace_S4,LAH,3535
1185,p16WV,p16WV_CelebA_S5_FBI_S1_NavFace_S4,LAH,493
1186,p16WV,p16WV_CelebA_S5_FBI_S1_NavFace_S4,LAH,8661
1187,p16WV,p16WV_CelebA_S5_FBI_S1_NavFace_S4,LAH,1855
1188,p16WV,p16WV_CelebA_S5_FBI_S1_NavFace_S4,LAH,278
1189,p16WV,p16WV_CelebA_S5_FBI_S1_NavFace_S4,LAH,765
1190,p16WV,p16WV_CelebA_S5_FBI_S1_NavFace_S4,LAH,1842
1191,p16WV,p16WV_CelebA_S5_FBI_S1_NavFace_S4,LAH,11631
1192,p16WV,p16WV_CelebA_S5_FBI_S1_NavFace_S4,LPH,67
1193,p16WV,p16WV_CelebA_S5_FBI_S1_NavFace_S4,LPH,171
1194,p16WV,p16WV_CelebA_S5_FBI_S1_NavFace_S4,LPH,199
1195,p16WV,p16WV_CelebA_S5_FBI_S1_NavFace_S4,LPH,156
1196,p16WV,p16WV_CelebA_S5_FBI_S1_NavFace_S4,LPH,809
1197,p16WV,p16WV_CelebA_S5_FBI_S1_NavFace_S4,LPH,204
1198,p16WV,p16WV_CelebA_S5_FBI_S1_NavFace_S4,LPH,910
1199,p16WV,p16WV_CelebA_S5_FBI_S1_NavFace_S4,LPH,272
1200,p16WV,p16WV_CelebA_S5_FBI_S1_NavFace_S4,LPH,1331
1201,p16WV,p16WV_CelebA_S5_FBI_S1_NavFace_S4,LPH,664
1202,p16WV,p16WV_CelebA_S5_FBI_S1_NavFace_S4,LPH,653
1203,p16WV,p16WV_CelebA_S5_FBI_S1_NavFace_S4,LPH,1240
1204,p16WV,p16WV_CelebA_S5_FBI_S1_NavFace_S4,LPH,2890
1205,p16WV,p16WV_CelebA_S5_FBI_S1_NavFace_S4,LPH,3417
1206,p16WV,p16WV_CelebA_S5_FBI_S1_NavFace_S4,LPH,2960
1207,p16WV,p16WV_CelebA_S5_FBI_S1_NavFace_S4,LA,1677
1208,p16WV,p16WV_CelebA_S5_FBI_S1_NavFace_S4,LA,683
1209,p16WV,p16WV_CelebA_S5_FBI_S1_NavFace_S4,LA,3153
1210,p16WV,p16WV_CelebA_S5_FBI_S1_NavFace_S4,LA,4449
1211,p16WV,p16WV_CelebA_S5_FBI_S1_NavFace_S4,LPH,7385
1212,p16WV,p16WV_CelebA_S5_FBI_S1_NavFace_S4,LPH,1890
1213,p16WV,p16WV_CelebA_S5_FBI_S1_NavFace_S4,LPH,4034
1214,p16WV,p16WV_CelebA_S5_FBI_S1_NavFace_S4,LPH,1153
1215,p16WV,p16WV_CelebA_S5_FBI_S1_NavFace_S4,LPH,16813
1216,p16WV,p16WV_CelebA_S5_FBI_S1_NavFace_S4,LPH,751
1217,p16WV,p16WV_CelebA_S5_FBI_S1_NavFace_S4,LPH,44747
1218,p16WV,p16WV_CelebA_S5_FBI_S1_NavFace_S4,LPH,142
1219,p16WV,p16WV_CelebA_S5_FBI_S1_NavFace_S4,LPH,475
1220,p16WV,p16WV_CelebA_S5_FBI_S1_NavFace_S4,LPH,177
1221,p16WV,p16WV_CelebA_S5_FBI_S1_NavFace_S4,LPH,579
1222,p16WV,p16WV_CelebA_S5_FBI_S1_NavFace_S4,LPH,1493
1223,p16WV,p16WV_CelebA_S5_FBI_S1_NavFace_S4,LPH,3325
1224,p16WV,p16WV_CelebA_S5_FBI_S1_NavFace_S4,LPH,5278
1225,p16WV,p16WV_CelebA_S5_FBI_S1_NavFace_S4,LPH,531
1226,p16WV,p16WV_CelebA_S5_FBI_S1_NavFace_S4,RA,96
1227,p16WV,p16WV_CelebA_S5_FBI_S1_NavFace_S4,RA,645
1228,p16WV,p16WV_CelebA_S5_FBI_S1_NavFace_S4,RA,1685
1229,p16WV,p16WV_CelebA_S5_FBI_S1_NavFace_S4,RA,111
1230,p16WV,p16WV_CelebA_S5_FBI_S1_NavFace_S4,RA,233
1231,p16WV,p16WV_CelebA_S5_FBI_S1_NavFace_S4,RA,1362
1232,p16WV,p16WV_CelebA_S5_FBI_S1_NavFace_S4,RA,181
1233,p16WV,p16WV_CelebA_S5_FBI_S1_NavFace_S4,RA,795
1234,p16WV,p16WV_CelebA_S5_FBI_S1_NavFace_S4,RA,1378
1235,p16WV,p16WV_CelebA_S5_FBI_S1_NavFace_S4,RA,15881
1236,p16WV,p16WV_CelebA_S5_FBI_S1_NavFace_S4,RA,994
1237,p16WV,p16WV_CelebA_S5_FBI_S1_NavFace_S4,RA,653
1238,p16WV,p16WV_CelebA_S5_FBI_S1_NavFace_S4,RA,197
1239,p16WV,p16WV_CelebA_S5_FBI_S1_NavFace_S4,RA,151
1240,p16WV,p16WV_CelebA_S5_FBI_S1_NavFace_S4,RA,584
1241,p16WV,p16WV_CelebA_S5_FBI_S1_NavFace_S4,RA,221
1242,p16WV,p16WV_CelebA_S5_FBI_S1_NavFace_S4,LA,113
1243,p16WV,p16WV_CelebA_S5_FBI_S1_NavFace_S4,LA,849
1244,p16WV,p16WV_CelebA_S5_FBI_S1_NavFace_S4,LA,3769
1245,p16WV,p16WV_CelebA_S5_FBI_S1_NavFace_S4,LA,6978
1246,p16WV,p16WV_CelebA_S5_FBI_S1_NavFace_S4,LA,1489
1247,p16WV,p16WV_CelebA_S5_FBI_S1_NavFace_S4,LA,16248
1248,p16WV,p16WV_CelebA_S5_FBI_S1_NavFace_S4,RA,835
1249,p16WV,p16WV_CelebA_S5_FBI_S1_NavFace_S4,RA,89
1250,p16WV,p16WV_CelebA_S5_FBI_S1_NavFace_S4,RA,1909
1251,p16WV,p16WV_CelebA_S5_FBI_S1_NavFace_S4,RA,3797
1252,p16WV,p16WV_CelebA_S5_FBI_S1_NavFace_S4,RA,1844
1253,p16WV,p16WV_CelebA_S5_FBI_S1_NavFace_S4,RAH,2408
1254,p16WV,p16WV_CelebA_S5_FBI_S1_NavFace_S4,RAH,5780
1255,p16WV,p16WV_CelebA_S5_FBI_S1_NavFace_S4,RAH,17344
1256,p16WV,p16WV_CelebA_S5_FBI_S1_NavFace_S4,RAH,12207
1257,p16WV,p16WV_CelebA_S5_FBI_S1_NavFace_S4,RAH,160
1258,p16WV,p16WV_CelebA_S5_FBI_S1_NavFace_S4,RAH,1873
1259,p16WV,p16WV_CelebA_S5_FBI_S1_NavFace_S4,RAH,336
1260,p16WV,p16WV_CelebA_S5_FBI_S1_NavFace_S4,RAH,2542
1261,p16WV,p16WV_CelebA_S5_FBI_S1_NavFace_S4,RAH,299
1262,p16WV,p16WV_CelebA_S5_FBI_S1_NavFace_S4,RAH,2790
1263,p16WV,p16WV_CelebA_S5_FBI_S1_NavFace_S4,RAH,1053
1264,p16WV,p16WV_CelebA_S5_FBI_S1_NavFace_S4,RAH,1199
1265,p16WV,p16WV_CelebA_S5_FBI_S1_NavFace_S4,RAH,4846
1266,p16WV,p16WV_CelebA_S5_FBI_S1_NavFace_S4,RAH,879
1267,p16WV,p16WV_CelebA_S5_FBI_S1_NavFace_S4,RAH,1969
1268,p16WV,p16WV_CelebA_S5_FBI_S1_NavFace_S4,RAH,11434
1269,p16WV,p16WV_CelebA_S5_FBI_S1_NavFace_S4,RAH,2901
1270,p16WV,p16WV_CelebA_S5_FBI_S1_NavFace_S4,RAH,3921
1271,p16WV,p16WV_CelebA_S5_FBI_S1_NavFace_S4,RAH,172
1272,p16WV,p16WV_CelebA_S5_FBI_S1_NavFace_S4,RAH,968
1273,p16WV,p16WV_CelebA_S5_FBI_S1_NavFace_S4,LA,860
1274,p16WV,p16WV_CelebA_S5_FBI_S1_NavFace_S4,LA,9314
1275,p16WV,p16WV_CelebA_S5_FBI_S1_NavFace_S4,LA,8490
1276,p16WV,p16WV_CelebA_S5_FBI_S1_NavFace_S4,LA,1068
1277,p16WV,p16WV_CelebA_S5_FBI_S1_NavFace_S4,LA,695
1278,p16WV,p16WV_CelebA_S5_FBI_S1_NavFace_S4,LA,169
1279,p16WV,p16WV_CelebA_S5_FBI_S1_NavFace_S4,LA,6829
1280,p16WV,p16WV_CelebA_S5_FBI_S1_NavFace_S4,LA,7420
1281,p16WV,p16WV_CelebA_S5_FBI_S1_NavFace_S4,LA,261
1282,p16WV,p16WV_CelebA_S5_FBI_S1_NavFace_S4,LA,1694
1283,p16WV,p16WV_CelebA_S5_FBI_S1_NavFace_S4,LA,7577
1284,p16WV,p16WV_CelebA_S5_FBI_S1_NavFace_S4,LA,1481
1285,p16WV,p16WV_CelebA_S5_FBI_S1_NavFace_S4,LA,110
1286,p16WV,p16WV_CelebA_S5_FBI_S1_NavFace_S4,LA,947
1287,p16WV,p16WV_CelebA_S5_FBI_S1_NavFace_S4,LA,5552
1288,p16WV,p16WV_CelebA_S5_FBI_S1_NavFace_S4,LA,1200
1289,p16WV,p16WV_CelebA_S5_FBI_S1_NavFace_S4,LA,2176
1290,p16WV,p16WV_CelebA_S5_FBI_S1_NavFace_S4,LA,696
1291,p16WV,p16WV_CelebA_S5_FBI_S1_NavFace_S4,LA,715
1292,p16WV,p16WV_CelebA_S5_FBI_S1_NavFace_S4,LA,7298
1293,p16WV,p16WV_CelebA_S5_FBI_S1_NavFace_S4,LA,925
1294,p16WV,p16WV_CelebA_S5_FBI_S1_NavFace_S4,LA,1706
1295,p16WV,p16WV_CelebA_S5_FBI_S1_NavFace_S4,LAH,181
1296,p16WV,p16WV_CelebA_S6_NavFace_S5,LAH,172
1297,p16WV,p16WV_CelebA_S6_NavFace_S5,LAH,210
1298,p16WV,p16WV_CelebA_S6_NavFace_S5,LAH,2359
1299,p16WV,p16WV_CelebA_S6_NavFace_S5,LAH,2942
1300,p16WV,p16WV_CelebA_S6_NavFace_S5,LAH,779
1301,p16WV,p16WV_CelebA_S6_NavFace_S5,LAH,205
1302,p16WV,p16WV_CelebA_S6_NavFace_S5,LAH,1556
1303,p16WV,p16WV_CelebA_S6_NavFace_S5,LAH,6981
1304,p16WV,p16WV_CelebA_S6_NavFace_S5,LAH,362
1305,p16WV,p16WV_CelebA_S6_NavFace_S5,LAH,6512
1306,p16WV,p16WV_CelebA_S6_NavFace_S5,LPH,158
1307,p16WV,p16WV_CelebA_S6_NavFace_S5,LPH,1115
1308,p16WV,p16WV_CelebA_S6_NavFace_S5,LPH,681
1309,p16WV,p16WV_CelebA_S6_NavFace_S5,LPH,269
1310,p16WV,p16WV_CelebA_S6_NavFace_S5,LPH,712
1311,p16WV,p16WV_CelebA_S6_NavFace_S5,LPH,721
1312,p16WV,p16WV_CelebA_S6_NavFace_S5,LPH,750
1313,p16WV,p16WV_CelebA_S6_NavFace_S5,LPH,3078
1314,p16WV,p16WV_CelebA_S6_NavFace_S5,LPH,1108
1315,p16WV,p16WV_CelebA_S6_NavFace_S5,LPH,2929
1316,p16WV,p16WV_CelebA_S6_NavFace_S5,LPH,1261
1317,p16WV,p16WV_CelebA_S6_NavFace_S5,LA,7773
1318,p16WV,p16WV_CelebA_S6_NavFace_S5,LA,129
1319,p16WV,p16WV_CelebA_S6_NavFace_S5,LA,3238
1320,p16WV,p16WV_CelebA_S6_NavFace_S5,LPH,708
1321,p16WV,p16WV_CelebA_S6_NavFace_S5,LPH,2349
1322,p16WV,p16WV_CelebA_S6_NavFace_S5,LPH,621
1323,p16WV,p16WV_CelebA_S6_NavFace_S5,LPH,3007
1324,p16WV,p16WV_CelebA_S6_NavFace_S5,LPH,13401
1325,p16WV,p16WV_CelebA_S6_NavFace_S5,LPH,57
1326,p16WV,p16WV_CelebA_S6_NavFace_S5,LPH,976
1327,p16WV,p16WV_CelebA_S6_NavFace_S5,LPH,1181
1328,p16WV,p16WV_CelebA_S6_NavFace_S5,LPH,36490
1329,p16WV,p16WV_CelebA_S6_NavFace_S5,LPH,86
1330,p16WV,p16WV_CelebA_S6_NavFace_S5,LPH,852
1331,p16WV,p16WV_CelebA_S6_NavFace_S5,RA,591
1332,p16WV,p16WV_CelebA_S6_NavFace_S5,RA,333
1333,p16WV,p16WV_CelebA_S6_NavFace_S5,RA,30853
1334,p16WV,p16WV_CelebA_S6_NavFace_S5,RA,421
1335,p16WV,p16WV_CelebA_S6_NavFace_S5,RA,76
1336,p16WV,p16WV_CelebA_S6_NavFace_S5,RA,81
1337,p16WV,p16WV_CelebA_S6_NavFace_S5,RA,312
1338,p16WV,p16WV_CelebA_S6_NavFace_S5,RA,111
1339,p16WV,p16WV_CelebA_S6_NavFace_S5,RA,377
1340,p16WV,p16WV_CelebA_S6_NavFace_S5,RA,142
1341,p16WV,p16WV_CelebA_S6_NavFace_S5,RA,1341
1342,p16WV,p16WV_CelebA_S6_NavFace_S5,RA,1332
1343,p16WV,p16WV_CelebA_S6_NavFace_S5,RA,199
1344,p16WV,p16WV_CelebA_S6_NavFace_S5,RA,5058
1345,p16WV,p16WV_CelebA_S6_NavFace_S5,LA,583
1346,p16WV,p16WV_CelebA_S6_NavFace_S5,LA,168
1347,p16WV,p16WV_CelebA_S6_NavFace_S5,LA,3570
1348,p16WV,p16WV_CelebA_S6_NavFace_S5,LA,5053
1349,p16WV,p16WV_CelebA_S6_NavFace_S5,LA,8802
1350,p16WV,p16WV_CelebA_S6_NavFace_S5,RA,330
1351,p16WV,p16WV_CelebA_S6_NavFace_S5,RA,513
1352,p16WV,p16WV_CelebA_S6_NavFace_S5,RA,490
1353,p16WV,p16WV_CelebA_S6_NavFace_S5,RA,896
1354,p16WV,p16WV_CelebA_S6_NavFace_S5,RA,160
1355,p16WV,p16WV_CelebA_S6_NavFace_S5,RA,218
1356,p16WV,p16WV_CelebA_S6_NavFace_S5,RAH,512
1357,p16WV,p16WV_CelebA_S6_NavFace_S5,RAH,749
1358,p16WV,p16WV_CelebA_S6_NavFace_S5,RAH,12149
1359,p16WV,p16WV_CelebA_S6_NavFace_S5,RAH,452
1360,p16WV,p16WV_CelebA_S6_NavFace_S5,RAH,131
1361,p16WV,p16WV_CelebA_S6_NavFace_S5,RAH,1770
1362,p16WV,p16WV_CelebA_S6_NavFace_S5,RAH,210
1363,p16WV,p16WV_CelebA_S6_NavFace_S5,RAH,241
1364,p16WV,p16WV_CelebA_S6_NavFace_S5,RAH,1217
1365,p16WV,p16WV_CelebA_S6_NavFace_S5,RAH,6244
1366,p16WV,p16WV_CelebA_S6_NavFace_S5,RAH,6456
1367,p16WV,p16WV_CelebA_S6_NavFace_S5,RAH,10717
1368,p16WV,p16WV_CelebA_S6_NavFace_S5,RAH,15996
1369,p16WV,p16WV_CelebA_S6_NavFace_S5,RAH,193
1370,p16WV,p16WV_CelebA_S6_NavFace_S5,RAH,272
1371,p16WV,p16WV_CelebA_S6_NavFace_S5,RAH,202
1372,p16WV,p16WV_CelebA_S6_NavFace_S5,RAH,3556
1373,p16WV,p16WV_CelebA_S6_NavFace_S5,RAH,15678
1374,p16WV,p16WV_CelebA_S6_NavFace_S5,LA,95
1375,p16WV,p16WV_CelebA_S6_NavFace_S5,LA,2958
1376,p16WV,p16WV_CelebA_S6_NavFace_S5,LA,1802
1377,p16WV,p16WV_CelebA_S6_NavFace_S5,LA,6529
1378,p16WV,p16WV_CelebA_S6_NavFace_S5,RAH,26119
1379,p16WV,p16WV_CelebA_S6_NavFace_S5,LA,455
1380,p16WV,p16WV_CelebA_S6_NavFace_S5,LA,1784
1381,p16WV,p16WV_CelebA_S6_NavFace_S5,LA,2770
1382,p16WV,p16WV_CelebA_S6_NavFace_S5,LA,16108
1383,p16WV,p16WV_CelebA_S6_NavFace_S5,LA,24755
1384,p16WV,p16WV_CelebA_S6_NavFace_S5,LA,148
1385,p16WV,p16WV_CelebA_S6_NavFace_S5,LA,82
1386,p16WV,p16WV_CelebA_S6_NavFace_S5,LA,18298
1387,p16WV,p16WV_CelebA_S6_NavFace_S5,LA,691
1388,p16WV,p16WV_CelebA_S6_NavFace_S5,LA,1447
1389,p18WV,p18WV_CelebA_S1_FBI_S1,LAH,5462
1390,p18WV,p18WV_CelebA_S1_FBI_S1,LAH,435
1391,p18WV,p18WV_CelebA_S1_FBI_S1,LAH,1970
1392,p18WV,p18WV_CelebA_S1_FBI_S1,LAH,1059
1393,p18WV,p18WV_CelebA_S1_FBI_S1,LAH,1930
1394,p18WV,p18WV_CelebA_S1_FBI_S1,LAH,1641
1395,p18WV,p18WV_CelebA_S1_FBI_S1,LAH,230
1396,p18WV,p18WV_CelebA_S1_FBI_S1,LAH,1858
1397,p18WV,p18WV_CelebA_S1_FBI_S1,LAH,887
1398,p18WV,p18WV_CelebA_S1_FBI_S1,LAH,29113
1399,p18WV,p18WV_CelebA_S1_FBI_S1,LAH,9662
1400,p18WV,p18WV_CelebA_S1_FBI_S1,LAH,3887
1401,p18WV,p18WV_CelebA_S1_FBI_S1,LAH,2889
1402,p18WV,p18WV_CelebA_S1_FBI_S1,LAH,1302
1403,p18WV,p18WV_CelebA_S1_FBI_S1,LAH,897
1404,p18WV,p18WV_CelebA_S1_FBI_S1,LAH,126
1405,p18WV,p18WV_CelebA_S1_FBI_S1,LAH,535
1406,p18WV,p18WV_CelebA_S1_FBI_S1,LAH,1168
1407,p18WV,p18WV_CelebA_S1_FBI_S1,LAH,8829
1408,p18WV,p18WV_CelebA_S1_FBI_S1,LAH,3213
1409,p18WV,p18WV_CelebA_S1_FBI_S1,LAH,77
1410,p18WV,p18WV_CelebA_S1_FBI_S1,LAH,84
1411,p18WV,p18WV_CelebA_S1_FBI_S1,LAH,2510
1412,p18WV,p18WV_CelebA_S1_FBI_S1,LAH,11556
1413,p18WV,p18WV_CelebA_S1_FBI_S1,LAH,13308
1414,p18WV,p18WV_CelebA_S1_FBI_S1,LAH,928
1415,p18WV,p18WV_CelebA_S1_FBI_S1,LAH,902
1416,p18WV,p18WV_CelebA_S1_FBI_S1,LAH,722
1417,p18WV,p18WV_CelebA_S1_FBI_S1,LAH,803
1418,p18WV,p18WV_CelebA_S1_FBI_S1,LAH,34592
1419,p18WV,p18WV_CelebA_S1_FBI_S1,LAH,1535
1420,p18WV,p18WV_CelebA_S1_FBI_S1,RA,4288
1421,p18WV,p18WV_CelebA_S1_FBI_S1,RA,2295
1422,p18WV,p18WV_CelebA_S1_FBI_S1,RA,1337
1423,p18WV,p18WV_CelebA_S1_FBI_S1,RA,288
1424,p18WV,p18WV_CelebA_S1_FBI_S1,LA,7332
1425,p18WV,p18WV_CelebA_S1_FBI_S1,RA,233
1426,p18WV,p18WV_CelebA_S1_FBI_S1,RA,3464
1427,p18WV,p18WV_CelebA_S1_FBI_S1,RA,4150
1428,p18WV,p18WV_CelebA_S1_FBI_S1,RA,300
1429,p18WV,p18WV_CelebA_S1_FBI_S1,RA,1758
1430,p18WV,p18WV_CelebA_S1_FBI_S1,RA,1489
1431,p18WV,p18WV_CelebA_S1_FBI_S1,RA,276
1432,p18WV,p18WV_CelebA_S1_FBI_S1,RAH,1137
1433,p18WV,p18WV_CelebA_S1_FBI_S1,RAH,169
1434,p18WV,p18WV_CelebA_S1_FBI_S1,RAH,1807
1435,p18WV,p18WV_CelebA_S1_FBI_S1,RAH,3899
1436,p18WV,p18WV_CelebA_S1_FBI_S1,RAH,65
1437,p18WV,p18WV_CelebA_S1_FBI_S1,RAH,852
1438,p18WV,p18WV_CelebA_S1_FBI_S1,RAH,181
1439,p18WV,p18WV_CelebA_S1_FBI_S1,RAH,189
1440,p18WV,p18WV_CelebA_S1_FBI_S1,RAH,4627
1441,p18WV,p18WV_CelebA_S1_FBI_S1,RAH,332
1442,p18WV,p18WV_CelebA_S1_FBI_S1,RAH,58
1443,p18WV,p18WV_CelebA_S1_FBI_S1,RAH,787
1444,p18WV,p18WV_CelebA_S1_FBI_S1,RAH,922
1445,p18WV,p18WV_CelebA_S1_FBI_S1,RAH,2068
1446,p18WV,p18WV_CelebA_S1_FBI_S1,RAH,3253
1447,p18WV,p18WV_CelebA_S1_FBI_S1,RAH,98
1448,p18WV,p18WV_CelebA_S1_FBI_S1,RAH,490
1449,p18WV,p18WV_CelebA_S1_FBI_S1,RAH,105
1450,p18WV,p18WV_CelebA_S1_FBI_S1,RAH,104
1451,p18WV,p18WV_CelebA_S1_FBI_S1,RAH,389
1452,p18WV,p18WV_CelebA_S1_FBI_S1,RAH,62
1453,p18WV,p18WV_CelebA_S1_FBI_S1,RAH,1051
1454,p18WV,p18WV_CelebA_S1_FBI_S1,RAH,355
1455,p18WV,p18WV_CelebA_S1_FBI_S1,RAH,1656
1456,p18WV,p18WV_CelebA_S1_FBI_S1,RAH,2016
1457,p18WV,p18WV_CelebA_S1_FBI_S1,LA,5401
1458,p18WV,p18WV_CelebA_S1_FBI_S1,RAH,118
1459,p18WV,p18WV_CelebA_S1_FBI_S1,RAH,551
1460,p18WV,p18WV_CelebA_S1_FBI_S1,RAH,55
1461,p18WV,p18WV_CelebA_S1_FBI_S1,RAH,1867
1462,p18WV,p18WV_CelebA_S1_FBI_S1,RAH,289
1463,p18WV,p18WV_CelebA_S1_FBI_S1,RAH,1324
1464,p18WV,p18WV_CelebA_S1_FBI_S1,RAH,53
1465,p18WV,p18WV_CelebA_S1_FBI_S1,RAH,139
1466,p18WV,p18WV_CelebA_S1_FBI_S1,RAH,421
1467,p18WV,p18WV_CelebA_S1_FBI_S1,RAH,512
1468,p18WV,p18WV_CelebA_S1_FBI_S1,RAH,525
1469,p18WV,p18WV_CelebA_S1_FBI_S1,RAH,140
1470,p18WV,p18WV_CelebA_S1_FBI_S1,RAH,659
1471,p18WV,p18WV_CelebA_S1_FBI_S1,RAH,2644
1472,p18WV,p18WV_CelebA_S1_FBI_S1,RAH,5097
1473,p18WV,p18WV_CelebA_S1_FBI_S1,RPH,1183
1474,p18WV,p18WV_CelebA_S1_FBI_S1,RPH,762
1475,p18WV,p18WV_CelebA_S1_FBI_S1,RPH,12182
1476,p18WV,p18WV_CelebA_S1_FBI_S1,LAH,1313
1477,p18WV,p18WV_CelebA_S1_FBI_S1,LAH,1698
1478,p18WV,p18WV_CelebA_S1_FBI_S1,LAH,17624
1479,p18WV,p18WV_CelebA_S2_NavFace_S1,LAH,5054
1480,p18WV,p18WV_CelebA_S2_NavFace_S1,LAH,1492
1481,p18WV,p18WV_CelebA_S2_NavFace_S1,LAH,1416
1482,p18WV,p18WV_CelebA_S2_NavFace_S1,LAH,113
1483,p18WV,p18WV_CelebA_S2_NavFace_S1,LAH,1341
1484,p18WV,p18WV_CelebA_S2_NavFace_S1,LAH,4460
1485,p18WV,p18WV_CelebA_S2_NavFace_S1,LAH,1309
1486,p18WV,p18WV_CelebA_S2_NavFace_S1,LAH,2168
1487,p18WV,p18WV_CelebA_S2_NavFace_S1,RA,654
1488,p18WV,p18WV_CelebA_S2_NavFace_S1,RA,2204
1489,p18WV,p18WV_CelebA_S2_NavFace_S1,RA,5418
1490,p18WV,p18WV_CelebA_S2_NavFace_S1,RA,696
1491,p18WV,p18WV_CelebA_S2_NavFace_S1,RA,69
1492,p18WV,p18WV_CelebA_S2_NavFace_S1,RA,1088
1493,p18WV,p18WV_CelebA_S2_NavFace_S1,RA,1109
1494,p18WV,p18WV_CelebA_S2_NavFace_S1,RA,6479
1495,p18WV,p18WV_CelebA_S2_NavFace_S1,RA,8794
1496,p18WV,p18WV_CelebA_S2_NavFace_S1,RA,1110
1497,p18WV,p18WV_CelebA_S2_NavFace_S1,RA,14522
1498,p18WV,p18WV_CelebA_S2_NavFace_S1,RA,719
1499,p18WV,p18WV_CelebA_S2_NavFace_S1,RA,16669
1500,p18WV,p18WV_CelebA_S2_NavFace_S1,RA,22468
1501,p18WV,p18WV_CelebA_S2_NavFace_S1,RA,818
1502,p18WV,p18WV_CelebA_S2_NavFace_S1,RA,643
1503,p18WV,p18WV_CelebA_S2_NavFace_S1,RA,1133
1504,p18WV,p18WV_CelebA_S2_NavFace_S1,RA,7090
1505,p18WV,p18WV_CelebA_S2_NavFace_S1,RA,14856
1506,p18WV,p18WV_CelebA_S2_NavFace_S1,RA,854
1507,p18WV,p18WV_CelebA_S2_NavFace_S1,RA,343
1508,p18WV,p18WV_CelebA_S2_NavFace_S1,RA,1691
1509,p18WV,p18WV_CelebA_S2_NavFace_S1,RA,2003
1510,p18WV,p18WV_CelebA_S2_NavFace_S1,RA,683
1511,p18WV,p18WV_CelebA_S2_NavFace_S1,RA,3039
1512,p18WV,p18WV_CelebA_S2_NavFace_S1,RA,484
1513,p18WV,p18WV_CelebA_S2_NavFace_S1,RA,21251
1514,p18WV,p18WV_CelebA_S2_NavFace_S1,RA,10492
1515,p18WV,p18WV_CelebA_S2_NavFace_S1,RA,4488
1516,p18WV,p18WV_CelebA_S2_NavFace_S1,RA,1642
1517,p18WV,p18WV_CelebA_S2_NavFace_S1,RA,94
1518,p18WV,p18WV_CelebA_S2_NavFace_S1,RA,630
1519,p18WV,p18WV_CelebA_S2_NavFace_S1,RA,26043
1520,p18WV,p18WV_CelebA_S2_NavFace_S1,RA,4758
1521,p18WV,p18WV_CelebA_S2_NavFace_S1,RA,299
1522,p18WV,p18WV_CelebA_S2_NavFace_S1,RA,736
1523,p18WV,p18WV_CelebA_S2_NavFace_S1,RA,845
1524,p18WV,p18WV_CelebA_S2_NavFace_S1,RA,8413
1525,p18WV,p18WV_CelebA_S2_NavFace_S1,RA,10431
1526,p18WV,p18WV_CelebA_S2_NavFace_S1,RA,5032
1527,p18WV,p18WV_CelebA_S2_NavFace_S1,RA,11855
1528,p18WV,p18WV_CelebA_S2_NavFace_S1,RA,568
1529,p18WV,p18WV_CelebA_S2_NavFace_S1,RA,10709
1530,p18WV,p18WV_CelebA_S2_NavFace_S1,RA,824
1531,p18WV,p18WV_CelebA_S2_NavFace_S1,RA,1665
1532,p18WV,p18WV_CelebA_S2_NavFace_S1,RA,3738
1533,p18WV,p18WV_CelebA_S2_NavFace_S1,RAH,5492
1534,p18WV,p18WV_CelebA_S2_NavFace_S1,RAH,3742
1535,p18WV,p18WV_CelebA_S2_NavFace_S1,RAH,163
1536,p18WV,p18WV_CelebA_S2_NavFace_S1,LA,575
1537,p18WV,p18WV_CelebA_S2_NavFace_S1,LA,503
1538,p18WV,p18WV_CelebA_S2_NavFace_S1,LA,4493
1539,p18WV,p18WV_CelebA_S2_NavFace_S1,LA,5836
1540,p18WV,p18WV_CelebA_S2_NavFace_S1,RAH,2280
1541,p18WV,p18WV_CelebA_S2_NavFace_S1,RAH,1043
1542,p18WV,p18WV_CelebA_S2_NavFace_S1,RAH,15403
1543,p18WV,p18WV_CelebA_S2_NavFace_S1,RPH,1996
1544,p18WV,p18WV_CelebA_S2_NavFace_S1,RPH,69
1545,p18WV,p18WV_CelebA_S2_NavFace_S1,RPH,7033
1546,p18WV,p18WV_CelebA_S2_NavFace_S1,RPH,421
1547,p18WV,p18WV_CelebA_S2_NavFace_S1,RPH,2770
1548,p18WV,p18WV_CelebA_S2_NavFace_S1,RPH,8879
1549,p18WV,p18WV_CelebA_S2_NavFace_S1,LA,472
1550,p18WV,p18WV_CelebA_S2_NavFace_S1,LA,616
1551,p18WV,p18WV_CelebA_S2_NavFace_S1,LA,7389
1552,p18WV,p18WV_CelebA_S2_NavFace_S1,LA,1006
1553,p18WV,p18WV_CelebA_S2_NavFace_S1,LA,4803
1554,p18WV,p18WV_CelebA_S2_NavFace_S1,LA,191
1555,p18WV,p18WV_CelebA_S2_NavFace_S1,LA,5304
1556,p18WV,p18WV_CelebA_S2_NavFace_S1,LA,1823
1557,p18WV,p18WV_CelebA_S2_NavFace_S1,LA,13588
1558,p18WV,p18WV_CelebA_S2_NavFace_S1,LA,2656
1559,p18WV,p18WV_CelebA_S2_NavFace_S1,LA,6062
1560,p18WV,p18WV_CelebA_S2_NavFace_S1,LA,10456
1561,p18WV,p18WV_CelebA_S2_NavFace_S1,LA,71
1562,p18WV,p18WV_CelebA_S2_NavFace_S1,LA,607
1563,p18WV,p18WV_CelebA_S2_NavFace_S1,LA,5259
1564,p18WV,p18WV_CelebA_S2_NavFace_S1,LA,619
1565,p18WV,p18WV_CelebA_S2_NavFace_S1,LA,1604
1566,p18WV,p18WV_CelebA_S2_NavFace_S1,LA,865
1567,p18WV,p18WV_CelebA_S2_NavFace_S1,LA,914
1568,p18WV,p18WV_CelebA_S2_NavFace_S1,LA,1519
1569,p18WV,p18WV_CelebA_S2_NavFace_S1,LA,5097
1570,p18WV,p18WV_CelebA_S2_NavFace_S1,LA,1951
1571,p18WV,p18WV_CelebA_S2_NavFace_S1,LA,429
1572,p18WV,p18WV_CelebA_S2_NavFace_S1,LA,1139
1573,p18WV,p18WV_CelebA_S2_NavFace_S1,LA,208
1574,p18WV,p18WV_CelebA_S2_NavFace_S1,LA,16915
1575,p18WV,p18WV_CelebA_S2_NavFace_S1,LA,9007
1576,p18WV,p18WV_CelebA_S2_NavFace_S1,LAH,1943
1577,p18WV,p18WV_CelebA_S2_NavFace_S1,LAH,12437
1578,p18WV,p18WV_CelebA_S2_NavFace_S1,LAH,3827
1579,p18WV,p18WV_CelebA_S2_NavFace_S1,LAH,3552
1580,p18WV,p18WV_CelebA_S3_NavFace_S2,LAH,4762
1581,p18WV,p18WV_CelebA_S3_NavFace_S2,LAH,362
1582,p18WV,p18WV_CelebA_S3_NavFace_S2,LAH,462
1583,p18WV,p18WV_CelebA_S3_NavFace_S2,RA,56064
1584,p18WV,p18WV_CelebA_S3_NavFace_S2,RA,176
1585,p18WV,p18WV_CelebA_S3_NavFace_S2,RA,6045
1586,p18WV,p18WV_CelebA_S3_NavFace_S2,RA,148
1587,p18WV,p18WV_CelebA_S3_NavFace_S2,RA,7872
1588,p18WV,p18WV_CelebA_S3_NavFace_S2,RA,331
1589,p18WV,p18WV_CelebA_S3_NavFace_S2,RA,18661
1590,p18WV,p18WV_CelebA_S3_NavFace_S2,RA,168
1591,p18WV,p18WV_CelebA_S3_NavFace_S2,RA,8002
1592,p18WV,p18WV_CelebA_S3_NavFace_S2,RA,651
1593,p18WV,p18WV_CelebA_S3_NavFace_S2,RA,911
1594,p18WV,p18WV_CelebA_S3_NavFace_S2,RA,792
1595,p18WV,p18WV_CelebA_S3_NavFace_S2,RA,330
1596,p18WV,p18WV_CelebA_S3_NavFace_S2,RA,225
1597,p18WV,p18WV_CelebA_S3_NavFace_S2,RA,1179
1598,p18WV,p18WV_CelebA_S3_NavFace_S2,RA,827
1599,p18WV,p18WV_CelebA_S3_NavFace_S2,RA,2639
1600,p18WV,p18WV_CelebA_S3_NavFace_S2,RA,1577
1601,p18WV,p18WV_CelebA_S3_NavFace_S2,RA,550
1602,p18WV,p18WV_CelebA_S3_NavFace_S2,RA,3628
1603,p18WV,p18WV_CelebA_S3_NavFace_S2,RA,318
1604,p18WV,p18WV_CelebA_S3_NavFace_S2,RA,869
1605,p18WV,p18WV_CelebA_S3_NavFace_S2,RA,2801
1606,p18WV,p18WV_CelebA_S3_NavFace_S2,RA,5500
1607,p18WV,p18WV_CelebA_S3_NavFace_S2,RA,643
1608,p18WV,p18WV_CelebA_S3_NavFace_S2,RA,2100
1609,p18WV,p18WV_CelebA_S3_NavFace_S2,RA,2933
1610,p18WV,p18WV_CelebA_S3_NavFace_S2,RA,39039
1611,p18WV,p18WV_CelebA_S3_NavFace_S2,RAH,2253
1612,p18WV,p18WV_CelebA_S3_NavFace_S2,RAH,542
1613,p18WV,p18WV_CelebA_S3_NavFace_S2,RAH,2304
1614,p18WV,p18WV_CelebA_S3_NavFace_S2,LA,109
1615,p18WV,p18WV_CelebA_S3_NavFace_S2,LA,1928
1616,p18WV,p18WV_CelebA_S3_NavFace_S2,LA,2645
1617,p18WV,p18WV_CelebA_S3_NavFace_S2,RAH,18270
1618,p18WV,p18WV_CelebA_S3_NavFace_S2,RPH,513
1619,p18WV,p18WV_CelebA_S3_NavFace_S2,RPH,808
1620,p18WV,p18WV_CelebA_S3_NavFace_S2,RPH,6985
1621,p18WV,p18WV_CelebA_S3_NavFace_S2,RPH,287
1622,p18WV,p18WV_CelebA_S3_NavFace_S2,RPH,519
1623,p18WV,p18WV_CelebA_S3_NavFace_S2,RPH,359
1624,p18WV,p18WV_CelebA_S3_NavFace_S2,RPH,1497
1625,p18WV,p18WV_CelebA_S3_NavFace_S2,LA,166
1626,p18WV,p18WV_CelebA_S3_NavFace_S2,LA,261
1627,p18WV,p18WV_CelebA_S3_NavFace_S2,LA,1945
1628,p18WV,p18WV_CelebA_S3_NavFace_S2,LA,672
1629,p18WV,p18WV_CelebA_S3_NavFace_S2,LA,1312
1630,p18WV,p18WV_CelebA_S3_NavFace_S2,LA,4555
1631,p18WV,p18WV_CelebA_S3_NavFace_S2,LA,814
1632,p18WV,p18WV_CelebA_S3_NavFace_S2,LA,747
1633,p18WV,p18WV_CelebA_S3_NavFace_S2,LA,2575
1634,p18WV,p18WV_CelebA_S3_NavFace_S2,LA,3323
1635,p18WV,p18WV_CelebA_S3_NavFace_S2,LA,1653
1636,p18WV,p18WV_CelebA_S3_NavFace_S2,LA,1187
1637,p18WV,p18WV_CelebA_S3_NavFace_S2,LA,879
1638,p18WV,p18WV_CelebA_S3_NavFace_S2,LA,517
1639,p18WV,p18WV_CelebA_S3_NavFace_S2,LA,3188
1640,p18WV,p18WV_CelebA_S3_NavFace_S2,LA,127
1641,p18WV,p18WV_CelebA_S3_NavFace_S2,LA,6114
1642,p18WV,p18WV_CelebA_S3_NavFace_S2,LA,1756
1643,p18WV,p18WV_CelebA_S3_NavFace_S2,LA,588
1644,p18WV,p18WV_CelebA_S4,LAH,2464
1645,p18WV,p18WV_CelebA_S4,RA,31302
1646,p18WV,p18WV_CelebA_S4,RA,1014
1647,p18WV,p18WV_CelebA_S4,RA,234
1648,p18WV,p18WV_CelebA_S4,RA,2655
1649,p18WV,p18WV_CelebA_S4,RA,16471
1650,p18WV,p18WV_CelebA_S4,RA,9178
1651,p18WV,p18WV_CelebA_S4,RA,701
1652,p18WV,p18WV_CelebA_S4,RA,4695
1653,p18WV,p18WV_CelebA_S4,RA,1909
1654,p18WV,p18WV_CelebA_S4,RA,1222
1655,p18WV,p18WV_CelebA_S4,RA,205
1656,p18WV,p18WV_CelebA_S4,RA,2208
1657,p18WV,p18WV_CelebA_S4,RA,857
1658,p18WV,p18WV_CelebA_S4,RA,133
1659,p18WV,p18WV_CelebA_S4,RA,1174
1660,p18WV,p18WV_CelebA_S4,RA,1834
1661,p18WV,p18WV_CelebA_S4,RA,13682
1662,p18WV,p18WV_CelebA_S4,RAH,3329
1663,p18WV,p18WV_CelebA_S4,RAH,788
1664,p18WV,p18WV_CelebA_S4,RAH,1889
1665,p18WV,p18WV_CelebA_S4,RAH,491
1666,p18WV,p18WV_CelebA_S4,LA,133
1667,p18WV,p18WV_CelebA_S4,LA,1961
1668,p18WV,p18WV_CelebA_S4,LA,896
1669,p18WV,p18WV_CelebA_S4,RAH,1033
1670,p18WV,p18WV_CelebA_S4,RAH,5075
1671,p18WV,p18WV_CelebA_S4,RPH,146
1672,p18WV,p18WV_CelebA_S4,RPH,1083
1673,p18WV,p18WV_CelebA_S4,RPH,537
1674,p18WV,p18WV_CelebA_S4,RPH,1685
1675,p18WV,p18WV_CelebA_S4,LA,199
1676,p18WV,p18WV_CelebA_S4,LA,2890
1677,p18WV,p18WV_CelebA_S4,LA,182
1678,p18WV,p18WV_CelebA_S4,LA,549
1679,p18WV,p18WV_CelebA_S4,LA,3032
1680,p18WV,p18WV_CelebA_S4,LA,252
1681,p18WV,p18WV_CelebA_S4,LA,1952
1682,p18WV,p18WV_CelebA_S4,LA,1709
1683,p18WV,p18WV_CelebA_S4,LA,750
1684,p18WV,p18WV_CelebA_S4,LA,1515
1685,p18WV,p18WV_CelebA_S4,LA,4507
1686,p18WV,p18WV_CelebA_S4,LA,101
1687,p18WV,p18WV_CelebA_S4,LA,286
1688,p18WV,p18WV_CelebA_S4,LA,641
1689,p18WV,p18WV_CelebA_S4,LA,1224
1690,p18WV,p18WV_CelebA_S4,LA,164
1691,p18WV,p18WV_CelebA_S4,LA,2115
1692,p19WV,p19WV_CelebA_S1_NavFace_S1,RA,20592
1693,p19WV,p19WV_CelebA_S1_NavFace_S1,RAH,200
1694,p19WV,p19WV_CelebA_S1_NavFace_S1,RAH,556
1695,p19WV,p19WV_CelebA_S1_NavFace_S1,LAH,4646
1696,p19WV,p19WV_CelebA_S1_NavFace_S1,LAH,994
1697,p19WV,p19WV_CelebA_S1_NavFace_S1,RPH,846
1698,p19WV,p19WV_CelebA_S1_NavFace_S1,RPH,1646
1699,p19WV,p19WV_CelebA_S1_NavFace_S1,RPH,574
1700,p19WV,p19WV_CelebA_S1_NavFace_S1,RPH,504
1701,p19WV,p19WV_CelebA_S1_NavFace_S1,RPH,561
1702,p19WV,p19WV_CelebA_S1_NavFace_S1,RPH,53737
1703,p19WV,p19WV_CelebA_S1_NavFace_S1,RPH,341
1704,p19WV,p19WV_CelebA_S1_NavFace_S1,RPH,22904
1705,p19WV,p19WV_CelebA_S1_NavFace_S1,RPH,17711
1706,p19WV,p19WV_CelebA_S1_NavFace_S1,RPH,670
1707,p19WV,p19WV_CelebA_S1_NavFace_S1,RPH,2723
1708,p19WV,p19WV_CelebA_S1_NavFace_S1,RPH,3461
1709,p19WV,p19WV_CelebA_S1_NavFace_S1,RPH,221
1710,p19WV,p19WV_CelebA_S1_NavFace_S1,RPH,255
1711,p19WV,p19WV_CelebA_S1_NavFace_S1,RPH,5634
1712,p19WV,p19WV_CelebA_S1_NavFace_S1,RPH,73860
1713,p19WV,p19WV_CelebA_S1_NavFace_S1,RPH,2008
1714,p19WV,p19WV_CelebA_S1_NavFace_S1,RPH,4293
1715,p19WV,p19WV_CelebA_S1_NavFace_S1,RPH,4605
1716,p19WV,p19WV_CelebA_S1_NavFace_S1,RPH,10164
1717,p19WV,p19WV_CelebA_S1_NavFace_S1,LAH,2026
1718,p19WV,p19WV_CelebA_S1_NavFace_S1,LAH,690
1719,p19WV,p19WV_CelebA_S1_NavFace_S1,LAH,1634
1720,p19WV,p19WV_CelebA_S1_NavFace_S1,LAH,149
1721,p19WV,p19WV_CelebA_S1_NavFace_S1,LAH,2124
1722,p19WV,p19WV_CelebA_S1_NavFace_S1,LAH,142
1723,p19WV,p19WV_CelebA_S1_NavFace_S1,LAH,1505
1724,p19WV,p19WV_CelebA_S1_NavFace_S1,LAH,210
1725,p19WV,p19WV_CelebA_S1_NavFace_S1,LAH,35158
1726,p19WV,p19WV_CelebA_S2,RAH,920
1727,p19WV,p19WV_CelebA_S2,RPH,3771
1728,p19WV,p19WV_CelebA_S2,LAH,135
1729,p19WV,p19WV_CelebA_S2,LAH,660
1730,p19WV,p19WV_CelebA_S2,RPH,788
1731,p19WV,p19WV_CelebA_S2,RPH,12745
1732,p19WV,p19WV_CelebA_S2,RPH,6721
1733,p19WV,p19WV_CelebA_S2,RPH,3749
1734,p19WV,p19WV_CelebA_S2,RPH,1829
1735,p19WV,p19WV_CelebA_S2,RPH,97
1736,p19WV,p19WV_CelebA_S2,RPH,16478
1737,p19WV,p19WV_CelebA_S2,LAH,1313
1738,p19WV,p19WV_CelebA_S2,LAH,66
1739,p19WV,p19WV_CelebA_S2,LAH,297
1740,p19WV,p19WV_CelebA_S2,LAH,77
1741,p19WV,p19WV_CelebA_S2,LAH,157
1742,p19WV,p19WV_CelebA_S2,LAH,1453
1743,p19WV,p19WV_CelebA_S2,LAH,10596
1744,p19WV,p19WV_CelebA_S2,LAH,3549
1745,p20WV,p20WV_CelebA_S1_NavFace_S1,LAH,3711
1746,p20WV,p20WV_CelebA_S1_NavFace_S1,LAH,1758
1747,p20WV,p20WV_CelebA_S1_NavFace_S1,LAH,2457
1748,p20WV,p20WV_CelebA_S1_NavFace_S1,LAH,13232
1749,p20WV,p20WV_CelebA_S1_NavFace_S1,LAH,25680
1750,p20WV,p20WV_CelebA_S1_NavFace_S1,LAH,4596
1751,p20WV,p20WV_CelebA_S1_NavFace_S1,LAH,1220
1752,p20WV,p20WV_CelebA_S1_NavFace_S1,LAH,5036
1753,p20WV,p20WV_CelebA_S1_NavFace_S1,LAH,17158
1754,p20WV,p20WV_CelebA_S1_NavFace_S1,LAH,3048
1755,p20WV,p20WV_CelebA_S1_NavFace_S1,LAH,182
1756,p20WV,p20WV_CelebA_S1_NavFace_S1,LAH,7990
1757,p20WV,p20WV_CelebA_S1_NavFace_S1,LAH,342
1758,p20WV,p20WV_CelebA_S1_NavFace_S1,LAH,1338
1759,p20WV,p20WV_CelebA_S1_NavFace_S1,LAH,170
1760,p20WV,p20WV_CelebA_S1_NavFace_S1,LAH,443
1761,p20WV,p20WV_CelebA_S1_NavFace_S1,LAH,1930
1762,p20WV,p20WV_CelebA_S1_NavFace_S1,LAH,232
1763,p20WV,p20WV_CelebA_S1_NavFace_S1,LAH,765
1764,p20WV,p20WV_CelebA_S1_NavFace_S1,LAH,2078
1765,p20WV,p20WV_CelebA_S1_NavFace_S1,LAH,20107
1766,p20WV,p20WV_CelebA_S1_NavFace_S1,LAH,150
1767,p20WV,p20WV_CelebA_S1_NavFace_S1,LAH,17278
1768,p20WV,p20WV_CelebA_S1_NavFace_S1,LAH,619
1769,p20WV,p20WV_CelebA_S1_NavFace_S1,LAH,1002
1770,p20WV,p20WV_CelebA_S1_NavFace_S1,LAH,7807
1771,p20WV,p20WV_CelebA_S1_NavFace_S1,LAH,2717
1772,p20WV,p20WV_CelebA_S1_NavFace_S1,LAH,39881
1773,p20WV,p20WV_CelebA_S1_NavFace_S1,LAH,3873
1774,p20WV,p20WV_CelebA_S1_NavFace_S1,LAH,135
1775,p20WV,p20WV_CelebA_S1_NavFace_S1,LAH,126
1776,p20WV,p20WV_CelebA_S1_NavFace_S1,LAH,537
1777,p20WV,p20WV_CelebA_S1_NavFace_S1,LAH,1197
1778,p20WV,p20WV_CelebA_S1_NavFace_S1,LAH,364
1779,p20WV,p20WV_CelebA_S1_NavFace_S1,LAH,2126
1780,p20WV,p20WV_CelebA_S1_NavFace_S1,LAH,399
1781,p20WV,p20WV_CelebA_S1_NavFace_S1,LAH,9810
1782,p20WV,p20WV_CelebA_S1_NavFace_S1,LAH,3012
1783,p20WV,p20WV_CelebA_S1_NavFace_S1,LAH,3261
1784,p20WV,p20WV_CelebA_S1_NavFace_S1,LAH,8808
1785,p20WV,p20WV_CelebA_S1_NavFace_S1,LPH,110
1786,p20WV,p20WV_CelebA_S1_NavFace_S1,LPH,1797
1787,p20WV,p20WV_CelebA_S1_NavFace_S1,LPH,612
1788,p20WV,p20WV_CelebA_S1_NavFace_S1,LPH,909
1789,p20WV,p20WV_CelebA_S1_NavFace_S1,LPH,3777
1790,p20WV,p20WV_CelebA_S1_NavFace_S1,LPH,458
1791,p20WV,p20WV_CelebA_S1_NavFace_S1,LPH,40244
1792,p20WV,p20WV_CelebA_S1_NavFace_S1,LPH,4427
1793,p20WV,p20WV_CelebA_S1_NavFace_S1,LPH,23363
1794,p20WV,p20WV_CelebA_S1_NavFace_S1,LPH,193
1795,p20WV,p20WV_CelebA_S1_NavFace_S1,LA,102
1796,p20WV,p20WV_CelebA_S1_NavFace_S1,LA,719
1797,p20WV,p20WV_CelebA_S1_NavFace_S1,LA,764
1798,p20WV,p20WV_CelebA_S1_NavFace_S1,LA,6889
1799,p20WV,p20WV_CelebA_S1_NavFace_S1,LA,11955
1800,p20WV,p20WV_CelebA_S1_NavFace_S1,LA,662
1801,p20WV,p20WV_CelebA_S1_NavFace_S1,LA,4247
1802,p20WV,p20WV_CelebA_S1_NavFace_S1,LPH,6394
1803,p20WV,p20WV_CelebA_S1_NavFace_S1,LPH,439
1804,p20WV,p20WV_CelebA_S1_NavFace_S1,LPH,1252
1805,p20WV,p20WV_CelebA_S1_NavFace_S1,LPH,4029
1806,p20WV,p20WV_CelebA_S1_NavFace_S1,LPH,2092
1807,p20WV,p20WV_CelebA_S1_NavFace_S1,LPH,15746
1808,p20WV,p20WV_CelebA_S1_NavFace_S1,LPH,64170
1809,p20WV,p20WV_CelebA_S1_NavFace_S1,LPH,916
1810,p20WV,p20WV_CelebA_S1_NavFace_S1,LPH,5688
1811,p20WV,p20WV_CelebA_S1_NavFace_S1,LPH,33204
1812,p20WV,p20WV_CelebA_S1_NavFace_S1,LPH,6340
1813,p20WV,p20WV_CelebA_S1_NavFace_S1,LPH,484
1814,p20WV,p20WV_CelebA_S1_NavFace_S1,LPH,200
1815,p20WV,p20WV_CelebA_S1_NavFace_S1,LPH,809
1816,p20WV,p20WV_CelebA_S1_NavFace_S1,LPH,789
1817,p20WV,p20WV_CelebA_S1_NavFace_S1,LPH,7701
1818,p20WV,p20WV_CelebA_S1_NavFace_S1,LPH,702
1819,p20WV,p20WV_CelebA_S1_NavFace_S1,LPH,4741
1820,p20WV,p20WV_CelebA_S1_NavFace_S1,LPH,3134
1821,p20WV,p20WV_CelebA_S1_NavFace_S1,LPH,16722
1822,p20WV,p20WV_CelebA_S1_NavFace_S1,LPH,160
1823,p20WV,p20WV_CelebA_S1_NavFace_S1,LPH,6945
1824,p20WV,p20WV_CelebA_S1_NavFace_S1,LPH,80
1825,p20WV,p20WV_CelebA_S1_NavFace_S1,LPH,4471
1826,p20WV,p20WV_CelebA_S1_NavFace_S1,LPH,3668
1827,p20WV,p20WV_CelebA_S1_NavFace_S1,LPH,45063
1828,p20WV,p20WV_CelebA_S1_NavFace_S1,LPH,9048
1829,p20WV,p20WV_CelebA_S1_NavFace_S1,RAH,439
1830,p20WV,p20WV_CelebA_S1_NavFace_S1,RAH,166
1831,p20WV,p20WV_CelebA_S1_NavFace_S1,RAH,1791
1832,p20WV,p20WV_CelebA_S1_NavFace_S1,RAH,19453
1833,p20WV,p20WV_CelebA_S1_NavFace_S1,RAH,996
1834,p20WV,p20WV_CelebA_S1_NavFace_S1,LA,4625
1835,p20WV,p20WV_CelebA_S1_NavFace_S1,LA,5003
1836,p20WV,p20WV_CelebA_S1_NavFace_S1,LA,1762
1837,p20WV,p20WV_CelebA_S1_NavFace_S1,LA,542
1838,p20WV,p20WV_CelebA_S1_NavFace_S1,LA,1833
1839,p20WV,p20WV_CelebA_S1_NavFace_S1,LA,150
1840,p20WV,p20WV_CelebA_S1_NavFace_S1,LA,1540
1841,p20WV,p20WV_CelebA_S1_NavFace_S1,LA,6507
1842,p20WV,p20WV_CelebA_S1_NavFace_S1,LA,17670
1843,p20WV,p20WV_CelebA_S1_NavFace_S1,LA,2113
1844,p20WV,p20WV_CelebA_S1_NavFace_S1,LA,307
1845,p20WV,p20WV_CelebA_S1_NavFace_S1,LA,653
1846,p20WV,p20WV_CelebA_S1_NavFace_S1,LA,622
1847,p20WV,p20WV_CelebA_S1_NavFace_S1,LA,766
1848,p20WV,p20WV_CelebA_S1_NavFace_S1,LA,237
1849,p20WV,p20WV_CelebA_S1_NavFace_S1,LA,3405
1850,p20WV,p20WV_CelebA_S1_NavFace_S1,LA,817
1851,p20WV,p20WV_CelebA_S1_NavFace_S1,LA,1907
1852,p20WV,p20WV_CelebA_S1_NavFace_S1,LA,8481
1853,p20WV,p20WV_CelebA_S1_NavFace_S1,LA,491
1854,p20WV,p20WV_CelebA_S1_NavFace_S1,LA,1242
1855,p20WV,p20WV_CelebA_S1_NavFace_S1,LA,1813
1856,p20WV,p20WV_CelebA_S1_NavFace_S1,LA,1590
1857,p20WV,p20WV_CelebA_S1_NavFace_S1,LA,4982
1858,p20WV,p20WV_CelebA_S1_NavFace_S1,LA,18057
1859,p20WV,p20WV_CelebA_S1_NavFace_S1,LA,236
1860,p20WV,p20WV_CelebA_S1_NavFace_S1,LA,145
1861,p20WV,p20WV_CelebA_S1_NavFace_S1,LA,242
1862,p20WV,p20WV_CelebA_S1_NavFace_S1,LA,72
1863,p20WV,p20WV_CelebA_S1_NavFace_S1,LA,3950
1864,p20WV,p20WV_CelebA_S1_NavFace_S1,LA,4463
1865,p20WV,p20WV_CelebA_S1_NavFace_S1,LA,3186
1866,p20WV,p20WV_CelebA_S1_NavFace_S1,LA,7058
1867,p20WV,p20WV_CelebA_S1_NavFace_S1,LA,5007
1868,p20WV,p20WV_CelebA_S1_NavFace_S1,LA,274
1869,p20WV,p20WV_CelebA_S1_NavFace_S1,LA,967
1870,p20WV,p20WV_CelebA_S1_NavFace_S1,LA,676
1871,p20WV,p20WV_CelebA_S1_NavFace_S1,LA,914
1872,p20WV,p20WV_CelebA_S1_NavFace_S1,LA,1571
1873,p20WV,p20WV_CelebA_S1_NavFace_S1,LA,2883
1874,p20WV,p20WV_CelebA_S1_NavFace_S1,LA,9978
1875,p20WV,p20WV_CelebA_S1_NavFace_S1,LA,17964
1876,p20WV,p20WV_CelebA_S1_NavFace_S1,LA,2052
1877,p20WV,p20WV_CelebA_S1_NavFace_S1,LA,2208
1878,p20WV,p20WV_CelebA_S1_NavFace_S1,LA,640
1879,p20WV,p20WV_CelebA_S1_NavFace_S1,LA,4297
1880,p20WV,p20WV_CelebA_S1_NavFace_S1,LA,1062
1881,p20WV,p20WV_CelebA_S1_NavFace_S1,LAH,1710
1882,p20WV,p20WV_CelebA_S1_NavFace_S1,LAH,123
1883,p20WV,p20WV_CelebA_S1_NavFace_S1,LAH,2205
1884,p20WV,p20WV_CelebA_S1_NavFace_S1,LAH,4612
1885,p20WV,p20WV_CelebA_S1_NavFace_S1,LAH,15571
1886,p20WV,p20WV_CelebA_S1_NavFace_S1,LAH,14853
1887,p20WV,p20WV_CelebA_S2_NavFace_S2,LAH,846
1888,p20WV,p20WV_CelebA_S2_NavFace_S2,LAH,1122
1889,p20WV,p20WV_CelebA_S2_NavFace_S2,LAH,8802
1890,p20WV,p20WV_CelebA_S2_NavFace_S2,LAH,6469
1891,p20WV,p20WV_CelebA_S2_NavFace_S2,LAH,730
1892,p20WV,p20WV_CelebA_S2_NavFace_S2,LAH,1970
1893,p20WV,p20WV_CelebA_S2_NavFace_S2,LAH,161
1894,p20WV,p20WV_CelebA_S2_NavFace_S2,LAH,90
1895,p20WV,p20WV_CelebA_S2_NavFace_S2,LAH,565
1896,p20WV,p20WV_CelebA_S2_NavFace_S2,LAH,461
1897,p20WV,p20WV_CelebA_S2_NavFace_S2,LAH,325
1898,p20WV,p20WV_CelebA_S2_NavFace_S2,LAH,1446
1899,p20WV,p20WV_CelebA_S2_NavFace_S2,LAH,2324
1900,p20WV,p20WV_CelebA_S2_NavFace_S2,LAH,13104
1901,p20WV,p20WV_CelebA_S2_NavFace_S2,LAH,846
1902,p20WV,p20WV_CelebA_S2_NavFace_S2,LAH,498
1903,p20WV,p20WV_CelebA_S2_NavFace_S2,LAH,9386
1904,p20WV,p20WV_CelebA_S2_NavFace_S2,LAH,263
1905,p20WV,p20WV_CelebA_S2_NavFace_S2,LAH,3374
1906,p20WV,p20WV_CelebA_S2_NavFace_S2,LAH,262
1907,p20WV,p20WV_CelebA_S2_NavFace_S2,LAH,18808
1908,p20WV,p20WV_CelebA_S2_NavFace_S2,LAH,2224
1909,p20WV,p20WV_CelebA_S2_NavFace_S2,LAH,932
1910,p20WV,p20WV_CelebA_S2_NavFace_S2,LAH,420
1911,p20WV,p20WV_CelebA_S2_NavFace_S2,LAH,1963
1912,p20WV,p20WV_CelebA_S2_NavFace_S2,LAH,6797
1913,p20WV,p20WV_CelebA_S2_NavFace_S2,LAH,1951
1914,p20WV,p20WV_CelebA_S2_NavFace_S2,LPH,378
1915,p20WV,p20WV_CelebA_S2_NavFace_S2,LPH,279
1916,p20WV,p20WV_CelebA_S2_NavFace_S2,LPH,555
1917,p20WV,p20WV_CelebA_S2_NavFace_S2,LPH,4181
1918,p20WV,p20WV_CelebA_S2_NavFace_S2,LPH,10129
1919,p20WV,p20WV_CelebA_S2_NavFace_S2,LPH,2891
1920,p20WV,p20WV_CelebA_S2_NavFace_S2,LPH,61834
1921,p20WV,p20WV_CelebA_S2_NavFace_S2,LPH,386
1922,p20WV,p20WV_CelebA_S2_NavFace_S2,LA,1821
1923,p20WV,p20WV_CelebA_S2_NavFace_S2,LA,677
1924,p20WV,p20WV_CelebA_S2_NavFace_S2,LA,1533
1925,p20WV,p20WV_CelebA_S2_NavFace_S2,LA,8097
1926,p20WV,p20WV_CelebA_S2_NavFace_S2,LA,4179
1927,p20WV,p20WV_CelebA_S2_NavFace_S2,LPH,65
1928,p20WV,p20WV_CelebA_S2_NavFace_S2,LPH,151
1929,p20WV,p20WV_CelebA_S2_NavFace_S2,LPH,6049
1930,p20WV,p20WV_CelebA_S2_NavFace_S2,LPH,4226
1931,p20WV,p20WV_CelebA_S2_NavFace_S2,LPH,60115
1932,p20WV,p20WV_CelebA_S2_NavFace_S2,LPH,13071
1933,p20WV,p20WV_CelebA_S2_NavFace_S2,LPH,3214
1934,p20WV,p20WV_CelebA_S2_NavFace_S2,LPH,1733
1935,p20WV,p20WV_CelebA_S2_NavFace_S2,LPH,211
1936,p20WV,p20WV_CelebA_S2_NavFace_S2,LPH,1093
1937,p20WV,p20WV_CelebA_S2_NavFace_S2,LPH,669
1938,p20WV,p20WV_CelebA_S2_NavFace_S2,LPH,17249
1939,p20WV,p20WV_CelebA_S2_NavFace_S2,LPH,2835
1940,p20WV,p20WV_CelebA_S2_NavFace_S2,LPH,44394
1941,p20WV,p20WV_CelebA_S2_NavFace_S2,LPH,242
1942,p20WV,p20WV_CelebA_S2_NavFace_S2,LPH,8839
1943,p20WV,p20WV_CelebA_S2_NavFace_S2,LPH,704
1944,p20WV,p20WV_CelebA_S2_NavFace_S2,LPH,2246
1945,p20WV,p20WV_CelebA_S2_NavFace_S2,LPH,463
1946,p20WV,p20WV_CelebA_S2_NavFace_S2,LPH,9697
1947,p20WV,p20WV_CelebA_S2_NavFace_S2,LPH,819
1948,p20WV,p20WV_CelebA_S2_NavFace_S2,LPH,369
1949,p20WV,p20WV_CelebA_S2_NavFace_S2,LPH,251
1950,p20WV,p20WV_CelebA_S2_NavFace_S2,LPH,8924
1951,p20WV,p20WV_CelebA_S2_NavFace_S2,LPH,6060
1952,p20WV,p20WV_CelebA_S2_NavFace_S2,LPH,2184
1953,p20WV,p20WV_CelebA_S2_NavFace_S2,LPH,651
1954,p20WV,p20WV_CelebA_S2_NavFace_S2,LPH,1529
1955,p20WV,p20WV_CelebA_S2_NavFace_S2,LPH,2212
1956,p20WV,p20WV_CelebA_S2_NavFace_S2,LPH,1907
1957,p20WV,p20WV_CelebA_S2_NavFace_S2,LPH,44116
1958,p20WV,p20WV_CelebA_S2_NavFace_S2,RAH,52
1959,p20WV,p20WV_CelebA_S2_NavFace_S2,RAH,535
1960,p20WV,p20WV_CelebA_S2_NavFace_S2,RAH,418
1961,p20WV,p20WV_CelebA_S2_NavFace_S2,RAH,156
1962,p20WV,p20WV_CelebA_S2_NavFace_S2,RAH,9146
1963,p20WV,p20WV_CelebA_S2_NavFace_S2,LA,2134
1964,p20WV,p20WV_CelebA_S2_NavFace_S2,LA,15265
1965,p20WV,p20WV_CelebA_S2_NavFace_S2,LA,3480
1966,p20WV,p20WV_CelebA_S2_NavFace_S2,LA,959
1967,p20WV,p20WV_CelebA_S2_NavFace_S2,LA,1328
1968,p20WV,p20WV_CelebA_S2_NavFace_S2,LA,106
1969,p20WV,p20WV_CelebA_S2_NavFace_S2,LA,783
1970,p20WV,p20WV_CelebA_S2_NavFace_S2,LA,527
1971,p20WV,p20WV_CelebA_S2_NavFace_S2,LA,5061
1972,p20WV,p20WV_CelebA_S2_NavFace_S2,LA,1796
1973,p20WV,p20WV_CelebA_S2_NavFace_S2,LA,5803
1974,p20WV,p20WV_CelebA_S2_NavFace_S2,LA,57
1975,p20WV,p20WV_CelebA_S2_NavFace_S2,LA,190
1976,p20WV,p20WV_CelebA_S2_NavFace_S2,LA,168
1977,p20WV,p20WV_CelebA_S2_NavFace_S2,LA,13937
1978,p20WV,p20WV_CelebA_S2_NavFace_S2,LA,86
1979,p20WV,p20WV_CelebA_S2_NavFace_S2,LA,1693
1980,p20WV,p20WV_CelebA_S2_NavFace_S2,LA,1708
1981,p20WV,p20WV_CelebA_S2_NavFace_S2,LA,3644
1982,p20WV,p20WV_CelebA_S2_NavFace_S2,LA,910
1983,p20WV,p20WV_CelebA_S2_NavFace_S2,LA,2895
1984,p20WV,p20WV_CelebA_S2_NavFace_S2,LA,1826
1985,p20WV,p20WV_CelebA_S2_NavFace_S2,LA,4822
1986,p20WV,p20WV_CelebA_S2_NavFace_S2,LA,393
1987,p20WV,p20WV_CelebA_S2_NavFace_S2,LA,585
1988,p20WV,p20WV_CelebA_S2_NavFace_S2,LA,2406
1989,p20WV,p20WV_CelebA_S2_NavFace_S2,LA,9828
1990,p20WV,p20WV_CelebA_S2_NavFace_S2,LA,2293
1991,p20WV,p20WV_CelebA_S2_NavFace_S2,LA,8368
1992,p20WV,p20WV_CelebA_S2_NavFace_S2,LA,193
1993,p20WV,p20WV_CelebA_S2_NavFace_S2,LA,1051
1994,p20WV,p20WV_CelebA_S2_NavFace_S2,LA,486
1995,p20WV,p20WV_CelebA_S2_NavFace_S2,LA,1149
1996,p20WV,p20WV_CelebA_S2_NavFace_S2,LA,3927
1997,p20WV,p20WV_CelebA_S2_NavFace_S2,LA,4842
1998,p20WV,p20WV_CelebA_S2_NavFace_S2,LA,764
1999,p20WV,p20WV_CelebA_S2_NavFace_S2,LA,4720
2000,p20WV,p20WV_CelebA_S2_NavFace_S2,LA,1443
2001,p20WV,p20WV_CelebA_S2_NavFace_S2,LA,343
2002,p20WV,p20WV_CelebA_S2_NavFace_S2,LAH,1300
2003,p20WV,p20WV_CelebA_S2_NavFace_S2,LAH,4051
2004,p20WV,p20WV_CelebA_S2_NavFace_S2,LAH,3349
2005,p20WV,p20WV_CelebA_S2_NavFace_S2,LAH,173
2006,p20WV,p20WV_CelebA_S2_NavFace_S2,LAH,508
2007,p20WV,p20WV_CelebA_S3_FBI_S1,LPH,384
2008,p20WV,p20WV_CelebA_S3_FBI_S1,LPH,661
2009,p20WV,p20WV_CelebA_S3_FBI_S1,LPH,74
2010,p20WV,p20WV_CelebA_S3_FBI_S1,LPH,3457
2011,p20WV,p20WV_CelebA_S3_FBI_S1,LPH,6672
2012,p20WV,p20WV_CelebA_S3_FBI_S1,LPH,18454
2013,p20WV,p20WV_CelebA_S3_FBI_S1,LPH,276
2014,p20WV,p20WV_CelebA_S3_FBI_S1,LPH,200
2015,p20WV,p20WV_CelebA_S3_FBI_S1,LPH,248
2016,p20WV,p20WV_CelebA_S3_FBI_S1,LPH,1911
2017,p20WV,p20WV_CelebA_S3_FBI_S1,LPH,8729
2018,p20WV,p20WV_CelebA_S3_FBI_S1,LA,1161
2019,p20WV,p20WV_CelebA_S3_FBI_S1,LA,768
2020,p20WV,p20WV_CelebA_S3_FBI_S1,LA,3304
2021,p20WV,p20WV_CelebA_S3_FBI_S1,LA,1570
2022,p20WV,p20WV_CelebA_S3_FBI_S1,LA,1077
2023,p20WV,p20WV_CelebA_S3_FBI_S1,LPH,403
2024,p20WV,p20WV_CelebA_S3_FBI_S1,LPH,4528
2025,p20WV,p20WV_CelebA_S3_FBI_S1,LPH,1345
2026,p20WV,p20WV_CelebA_S3_FBI_S1,LPH,3158
2027,p20WV,p20WV_CelebA_S3_FBI_S1,LPH,29754
2028,p20WV,p20WV_CelebA_S3_FBI_S1,LPH,11842
2029,p20WV,p20WV_CelebA_S3_FBI_S1,LPH,592
2030,p20WV,p20WV_CelebA_S3_FBI_S1,LPH,1502
2031,p20WV,p20WV_CelebA_S3_FBI_S1,LPH,13373
2032,p20WV,p20WV_CelebA_S3_FBI_S1,LPH,573
2033,p20WV,p20WV_CelebA_S3_FBI_S1,LPH,771
2034,p20WV,p20WV_CelebA_S3_FBI_S1,LPH,1999
2035,p20WV,p20WV_CelebA_S3_FBI_S1,LPH,5321
2036,p20WV,p20WV_CelebA_S3_FBI_S1,LPH,1110
2037,p20WV,p20WV_CelebA_S3_FBI_S1,LPH,1894
2038,p20WV,p20WV_CelebA_S3_FBI_S1,LPH,288
2039,p20WV,p20WV_CelebA_S3_FBI_S1,LPH,122
2040,p20WV,p20WV_CelebA_S3_FBI_S1,LPH,3351
2041,p20WV,p20WV_CelebA_S3_FBI_S1,LPH,376
2042,p20WV,p20WV_CelebA_S3_FBI_S1,LPH,4660
2043,p20WV,p20WV_CelebA_S3_FBI_S1,LPH,1489
2044,p20WV,p20WV_CelebA_S3_FBI_S1,LPH,25070
2045,p20WV,p20WV_CelebA_S3_FBI_S1,RAH,225
2046,p20WV,p20WV_CelebA_S3_FBI_S1,LA,332
2047,p20WV,p20WV_CelebA_S3_FBI_S1,LA,155
2048,p20WV,p20WV_CelebA_S3_FBI_S1,LA,3861
2049,p20WV,p20WV_CelebA_S3_FBI_S1,LA,2000
2050,p20WV,p20WV_CelebA_S3_FBI_S1,LA,239
2051,p20WV,p20WV_CelebA_S3_FBI_S1,LA,707
2052,p20WV,p20WV_CelebA_S3_FBI_S1,LA,984
2053,p20WV,p20WV_CelebA_S3_FBI_S1,LA,4827
2054,p20WV,p20WV_CelebA_S3_FBI_S1,LA,2083
2055,p20WV,p20WV_CelebA_S3_FBI_S1,LA,965
2056,p20WV,p20WV_CelebA_S3_FBI_S1,LA,57
2057,p20WV,p20WV_CelebA_S3_FBI_S1,LA,214
2058,p20WV,p20WV_CelebA_S3_FBI_S1,LA,166
2059,p20WV,p20WV_CelebA_S3_FBI_S1,LA,532
2060,p20WV,p20WV_CelebA_S3_FBI_S1,LA,2296
2061,p20WV,p20WV_CelebA_S3_FBI_S1,LA,508
2062,p20WV,p20WV_CelebA_S3_FBI_S1,LA,355
2063,p20WV,p20WV_CelebA_S3_FBI_S1,LA,2196
2064,p20WV,p20WV_CelebA_S3_FBI_S1,LA,488
2065,p20WV,p20WV_CelebA_S3_FBI_S1,LA,2409
2066,p20WV,p20WV_CelebA_S3_FBI_S1,LA,2106
2067,p20WV,p20WV_CelebA_S3_FBI_S1,LA,1073
2068,p20WV,p20WV_CelebA_S3_FBI_S1,LA,193
2069,p20WV,p20WV_CelebA_S3_FBI_S1,LA,2385
2070,p20WV,p20WV_CelebA_S3_FBI_S1,LA,767
2071,p20WV,p20WV_CelebA_S3_FBI_S1,LA,841
2072,p20WV,p20WV_CelebA_S3_FBI_S1,LA,162
2073,p20WV,p20WV_CelebA_S3_FBI_S1,LA,3934
2074,p20WV,p20WV_CelebA_S3_FBI_S1,LA,158
2075,p20WV,p20WV_CelebA_S3_FBI_S1,LA,3071
2076,p20WV,p20WV_CelebA_S3_FBI_S1,LA,1620
2077,p20WV,p20WV_CelebA_S3_FBI_S1,LA,298
2078,p20WV,p20WV_CelebA_S3_FBI_S1,LA,1053
2079,p20WV,p20WV_CelebA_S3_FBI_S1,LA,5130
2080,p20WV,p20WV_CelebA_S3_FBI_S1,LA,4269
2081,p20WV,p20WV_CelebA_S3_FBI_S1,LA,832
